1	2
3	4
5	6
7	8
9	10
11	12
13	14
17	16
15	17
20	19
18	20
353,1330,22,951	24,945,458
24	23
58	57
60	59
62	61
64	63
65,951	953,67
67	66
232,953	64,947
953,172	947,60
953,167	58,947
953,178	947,62
82	81
116	117
160	161
158	159
134	135
132	133
146	147
144	145
83	84
85	86
87	88
89	90
91	92
93	94
95	96
1272,1349,399	458,83,614
1274,1349,399	458,1564,85
1276,1349,399	458,1567,87
1349,1278,399	89,458,958
1280,1349,399	961,458,91
1282,1349,399	1224,458,93
1284,1349,399	458,1227,95
97	98
99	100
101	102
103	104
105	106
107	108
109	110
1289,1349,399	97,458,614
1291,1349,399	458,99,1564
1349,1293,399	458,101,1567
1295,1349,399	458,958,103
1297,1349,399	105,458,961
1299,1349,399	1224,458,107
1349,1301,399	458,1227,109
1182,862	1183,124,951
1184,862	1185,124,951
1003,1182	1183,125,951
1184,1003	1185,125,951
240,1330,951	945,138
164	163
167	166
172	171
178	177
945,1498	191
1496,945	190
945,1479	181
945,1526	195
1480,945	185
945,1529	200
945,1481	186
1528,945	198
945,1478	187
945,467	179
945,1501	194
945,1527	197
945,1182,630	1183,1213,182,951
945,637,1182	1183,201,1213,951
353,174,951	458,173
1332,1639	232,947
585,1332	947,172
347,1332	947,167
924,1332	178,947
1184,191	1185,951,215
1184,190	1185,214,951
1184,181	208,1185,951
1184,195	1185,219,951
1184,185	209,1185,951
200,1184	224,1185,951
1184,186	1185,210,951
1184,198	1185,222,951
1184,187	1185,211,951
1184,179	1185,340,951
1184,194	1185,218,951
1184,197	1185,221,951
528,277,215	1074,1221,951
528,277,214	1074,598,951
208,528,277	1074,491,951
528,219,277	1074,613,951
528,209,277	490,1074,951
224,528,277	1074,1171,951
528,210,277	1497,1074,951
528,277,222	1074,1266,951
528,211,277	1074,966,951
528,218,277	1074,468,951
528,277,221	968,1074,951
281,1330,353,951	945,458,283
283	282
232	231
944,164,1189	947,660,1215
246	245
1330,247	945,1329
281,374	945,278
376,283	280,947
353,1330,278,951	280,945,458
280	279
1184,862	1185,261,951
261,951	953,263
263	262
265,342	945,589
424	1418
1171,1349,399	458,1564,277
1497,1349,399	458,277,1567
1266,1349,399	458,277,958
1349,966,399	961,458,277
1234,1349,399	458,1227,277
1223,1349,399	1224,458,277
1349,613,399	458,277,614
1349,598,399	458,277,599
1349,1221,399	458,277,1230
1155,1187,942	945,291,1213
1626,676,951	672,1625
1087	22
1089	24
805,990	945,429
881,1474	368,233
1183,233,951	945,236,1182
233,951	953,235
235	234
290,293	296,303
290,531	303
296,951	953,298
298	297
1183,303,951	531,299,1182
301	300
299	301
531,302	412,303
360,1349	931,349,951
353,1330,1081,951	458,956,303
353,1330,1346	458,531,1338
1332,310	947,308
308	307
310	309
1332,317	313,947
313	312
353,314,951	458,315
1624,1621	1600,1589
1393,314	1288,317
317	316
305,353	458,319
951,531,319	881,303
528,111	1393,951,143
353,341	458,293
528,383	1393,951
1041,314	945,325
1625,1605,951	1624,1593
1393,324	1288,323
323	322
1393,325	1288,327
327	326
328,951	953,330
330	329
321,1393	328
459,719	464,718
991,719	718,998
1220,719	1222,718
597,719	602,718
612,719	617,718
1494,719	718,1495
965,719	1334,718
1235,719	1460,718
531,292	277,303
293,1239	336,945
331	332
333	334
364,335	396,334
945,333	510
1001	945,333
881,306	336,368
1269,277,951	531,422
399,1349,303	458,531,293
339	338
339	337
293,951	953,295
1176,293	1178,295
295	294
1187,1021	345,945,951
1393,237,951	238
881,238	873,508
995,1187	945,342,951
342,951	344,953
344	343
353	458,399
353,844	931,399
353,1006	1028,399
528,397	396,951
1349,478	458
353,951,399	345,458
1409,342	345,945
345,951	953,347
345,951	953,347
347	346
353,349,951	458,348
915,350,951	360,1407
353,1330,350,951	352,945,458
352,951	953,351
1401,951,399	945,357
1349,399	1371,342
353,1270,951	458,423
783,399	603
366,783	76
1330,603,844,951	931,452,1012
833,293	945,314
281,406	945,402
408,283	403,947
409,315	945,402
402,951	953,403
406,278	945,404
280,408	947,405
402,374	945,404
376,403	947,405
410,315	945,404
404,951	953,405
315,411	945,406
356	355
1385,1634	361,945
406,951	408,953
363	362
1248,277	42,613
1250,277	1171,55
1252,277	1497,53
277,1254	1266,46
1256,277	44,966
1258,277	50,1223
1260,277	48,1234
305,1185,951	1184,306,1330
951,359	952,358
1408,342	945,364
768,1502	0,366
353,1330,260,951	458,956,367
260	256
528,1467,1183	368,531,1182
368,951	953,370
370	369
374	945,380
353,1330,380,951	945,458,382
353,1330,380,951	458,374
382	381
285	284
374	377
1393,1388	1390,374
881,1393	368,377
1393,1388	377,1390
384,1349,399	1536,377,458
353,1330,377,951	945,458,379
377,951	953,379
1176,377	1178,379
379	378
904,1182	1183,890,951
1183,299,951	1182,711
1183,1262,951	945,1182,1263
1183,293,951	945,299,1182
1185,293,951	1184,945,299
1185,1338,951	1184,945,1341
1183,469,951	945,1182,463
353,385,951	458,386
393	385
528,1633,1187	392,945,951
392,951	945,389
389,951	953,391
391	390
715	393
353,386,1330,951	945,458,388
388	387
90,1066	394,1279
104,1066	1296,394
304,1184	1185,1155,951
1182,15	304,1183,951
945,119	395
281,411	409,945
411,278	945,410
409,374	945,410
1096,859	1083,1093
1090,859	1096,1083
859,1087	1090,1083
859,1086	1083,1087
314	324
353,324,951	321,458
594,398	396,276
364,1150,951	128,396
240,1183,764,951	945,1182,367
1401,342	945,399
578,887	945,502
1364,887	945,1367
401	400
408	407
353,325,951	945,458,411
1349,1359	1371,412
881,412,1393,951	873,508
528,291	113,951
528,531,276	377,1333,951
353,951	945,413
353,458,951	945,414
1184,258	1185,259,951
1406	425
433,726,718,951	430,719
433,762,726,951	763,430
433,1412,726,951	1405,430
353,1330,430,951	432,945,458
431	730,434
434,951	953,435
432,951	953,431
435,951	433,953
353,1330,425,951	945,458,427
425,951	953,427
427,951	425,953
427	426
363,436	361,438
528,361	436,951
530,363	953,438
1241,436	438,1239
436,783	439
439,1349,951,399	513,458,452
440,1349,399	1537,458,436
353,1330,436,951	945,458,438
438,951	953,436
438	437
1185,251,951	1184,1330,455
174,951	441,945
441,1393	1288,443
443	442
1187,452	945,444
1189,454	947,446
1349,399,881,951,444	873,458,945,452
951,444,1349,399	458,1187,452
447,1349,399	458,1538,444
353,1330,444,951	945,458,446
444,951	953,446
446	445
353,450,1330,951	448,945,458
450	449
528,371	452,951
951,1330,479	452,486
353,251	458,452
999,1397,951	1396,452
999,1150,951	452,1151
1464,999,951	452,783
999,942,951	452,1213
1187,783	452
881,1219	368,452
456,1349,399	458,1539,452
353,1330,452,951	945,458,454
452,951	953,454
452,951	953,454
452,951	953,454
454	453
448,945,925	928,451
531,1462,951	1467,436
113,1185,951	1184,457
1187,1028	945,458,951
353,1330,951	945,458
1361,1349	458,1371
945,458,951	353,1330,953
371,951	953,373
373	372
1183,893,951	945,461,1182
1185,893,951	1184,945,461
1330,399	945,1269
465,945,1182	1183,466,951
1184,465,945	1185,466,951
465,1117,589,951	396,1421,671
464,293	469,303
472,353,1330,951	474,458,945
474	473
469,951	953,471
471	470
477,951	953,475
477	476
1067,27,951	25,953,1069
945,1213	942
1176,477	1178,475
1352,348	480,458,951
482,951	481,953
480,353,1330,951	945,458,482
353,1330,483,951	945,458,485
485,951	953,484
1352,350	458,483,951
353,486,951	528,458,1187
353,486,881,1330,951	873,458,945,956
353,1330,489,951	945,458,487
489,951	953,487
489	488
487	489
1248,525,951	945,493
1250,525,951	945,499
1252,525,951	945,498
525,1254,951	945,495
1256,525,951	945,494
1258,525,951	497,945
1260,525,951	496,945
353,154,951	241,458
538,364,951	1280,396
364,540,951	1297,396
539,364,951	396,1284
364,541,951	396,1301
353,1330,502,951	504,945,458
504	503
353,1330,505,951	945,458,507
505,951	953,507
507	506
1348	508
1330,508	229
1393,244	508
501,1182	1183,509,1213,951
1219,293	510
1466,510	512,1464
512	511
1059	1060
953,1290,1249	947,518
953,1251,1292	947,519
953,1253,1294	520,947
1296,953,1255	521,947
953,1298,1257	522,947
953,1259,1300	523,947
953,1261,1302	947,524
906,518	1290
906,519	1292
520,906	1294
521,906	1296
522,906	1298
906,523	1300
906,524	1302
953,515	517,951
517	516
1401,556	945,525
527	526
530	529
528	530
353,1330,534,951	945,458,532
534,951	953,532
534	533
532	534
353,1330,537,951	945,458,535
536	537
951,726,718,542	545,719
951,762,726,542	545,763
951,1412,726,542	545,1405
951,543	544,953
544,951	953,542
353,1330,951,545	945,458,547
546	730,543
547,951	953,546
528,945,1351	548,1213,951
528,1117,589,1351	396,548
840,555	552,460
353,1330,555	552,458,531
549	555
555,559	552,561
561,945	555
353,1330,549	458,531,550
353,1330,550,951	945,458,551
550,951	953,551
552,353,1330,951	945,458,554
552,951	953,554
552,842	840,554
552,551	554,550
554	553
531,510,951	945,1219,303
1187,1629	945,556,951
556,951	953,558
558	557
353,1330,561	458,531,559
353,1330,951,559	560,945,458
951,559	560,953
353,881,562,1330,951	1640,873,458,945
947,565	568,953,1215
568,353,1330,951	945,458,566
353,1330,565,951	945,458,563
565	564
563	565
951,567	952,566
568	567
1450,1491,951	569,1561
953,1452,1493	1563,571
571	570
528,1187	956,572,951
572,951	953,574
574	573
1393,1187,948	945,575
1393,1187,948	945,578
353,1330,951,575	577,458,945
577	576
578,293,951	337,948
377,1447	230,951
1393,1187,957	945,581
1349,582,399	458,1540,578
353,1330,580,951	945,458,578
353,578,1330,951	945,458,580
580	579
580	578
945,953,1151	1213,1150,951
945,953,1396	951,1397,1213
945,953,1396	951,1397,1213
1187,1637	945,951,583
1409,556	945,583
844,525,951	931,583
951,583	585,953
951,583	585,953
585	584
353,492	458,525
353,604	458,605
1393,1187,719	945,718,374
1187,644	945,586,951
353,590	458,591
586,951	953,588
588	587
1248,353,951	1,458
353,1250,951	458,3
353,1252,951	458,5
353,1254,951	458,7
1256,353,951	9,458
353,1258,951	458,11
353,1260,951	458,13
374,951	376,953
376	375
593	592
1393,1187	65,945
528,1067	80,951
80	79
80,353,1330,951	945,458,82
27	26
1349,493	1248,562,951
499,1349	562,1250,951
498,1349	562,1252,951
1349,495	562,1254,951
1349,494	1256,562,951
497,1349	562,1258,951
496,1349	562,1260,951
1187,647	945,595,951
596,764,951	1418
353,1330,951,671	528,458,594
601	600
607	606
690,1187	608,945,951
1187,687	609,945,951
609,951	953,611
611	610
616	615
353,122,951	458,123
951,119	121,953
121	120
353,118,951	458,119
1330,115	1288,945,693
1393,789	122
353,618	458,619
621	620
622,951	624,953
624	623
945,206	73
945,207	74
1393,629	1288,626
628	627
626	628
1183,69,951	68,1182
1349,70	458,69,951
1434,69	945,71
1183,630,951	501,1182
980,951	1213,630
1184,1500	72,1185,951
72,945,951	1393,455
1184,1502	1185,951,631
353,1330,951,631	881,458,638
128,528,1349	633,1233,951
272,843	634
1243,1397	635,1396
1243,1150	635,1151
951,479	945,635
1183,637,951	500,1182
259,1187	945,78,951
1349,638	273,237
945,983	639
632	365
1330,175	115
176,945	175
643	642
644,951	953,646
646	645
1184,125	1185,77,951
261,1182	1183,77,951
1184,261	1185,77,951
137,1330,764,951	648,945,1213
137,1330,951,764,1183	648,945,1182
1349,919	1024,651
945,651,1182	1183,941,951
364,1397,951	396,150
945,652,1151	1150,655
947,654,1151	657,1150
945,652,127	128,655
947,654,127	128,657
657	656
654	653
634,1330	945,636
636,1349,951	945,365
173,1182	1183,75,951
660	659
353,531,951	458,661
1184,1268	1185,126,951
299,789	130
1397,662	1396,663
1150,662	1151,663
665,927	664,930
1530,667	666,1531
669,927	930,668
112,1185,951	1184,1431
1431,951	953,1433
1433	1432
353,676	458,679
681	680
686	685
353,684,951	458,687
129,1629	1330,687
951,687	689,953
689	688
684,1349,951	945,690
1184,141	1185,691,951
528,691	1393,789,951
353,691,951	458,692
1041,951	953,1043
1043	1042
1183,252,951	945,693,1182
1182,598	1183,1498,951
1184,598	1185,1498,951
613,1182	1496,1183,951
1184,613	1496,1185,951
490,1182	1183,1479,951
1184,490	1185,1479,951
1171,1182	1183,1526,951
1184,1171	1185,1526,951
1497,1182	1480,1183,951
1184,1497	1480,1185,951
1266,1182	1183,1529,951
1184,1266	1185,1529,951
1182,966	1183,1481,951
1184,966	1185,1481,951
1182,1223	1528,1183,951
1184,1223	1528,1185,951
1234,1182	1183,1478,951
1184,1234	1185,1478,951
468,1182	1183,467,951
1184,468	1185,467,951
968,1182	1183,1501,951
968,1184	1185,1501,951
1221,1182	1183,1527,951
1184,1221	1185,1527,951
696	697
697,953,1599	537,698
953,694,1599	1627
953,1599,695	1627,694
953,698,1599	1627,695
1627	1626
945,459	180
945,991	192
945,1220	196
945,597	188
945,612	189
945,1494	204
945,965	193
945,1235	199
1393,789	118
945,118	274
1032,277	1033,613
1057,277	1032,1171
1036,277	1033,966
1058,277	1171,1036
700	701
1288,945	155
951,702,399	1437,70
951,71	945,702
729,951,71	945,749
299,1187	705
705,951	953,707
707	706
353,1330,708,951	945,458,710
710	709
951,711	713,953
713	712
626,789	715
770,1330	945,715
715,1332	1330,717
717	716
951,277,599	945,598
277,614,951	945,613
1564,277,951	945,1171
1567,277,951	945,1497
277,958,951	945,1266
961,277,951	945,966
277,1230,951	945,1221
951,531,599	945,602
531,614,951	617,945
531,1564,951	945,1495
531,1567,951	945,1499
531,958,951	945,1334
961,531,951	945,964
1224,531,951	945,1460
531,1227,951	945,1236
992,531,951	945,998
531,1230,951	945,1222
951,602,1349,399	601,953,458,531
617,1349,951,399	616,953,458,531
951,1495,1349,399	953,458,531,1566
951,1499,1349,399	953,458,531,1569
951,1349,1334,399	960,953,458,531
951,964,1349,399	953,458,531,963
951,1460,1349,399	953,458,531,1226
951,1236,1349,399	953,458,531,1229
951,1349,998,399	953,994,531,458
951,1349,1222,399	1232,953,458,531
1182,719	1183,718,951
1184,719	1185,718,951
288,1183,951	984,1182
722	721
720	722
984	720,928
789,629	725
1330,715	945,725
724	780
353,723,951	458,724
1048,629	723
1321,951	1350,726
528,953,1397	1396,766,951
528,953,1150	1151,766,951
1450,843,945,951,762	1025,763,1213
1450,720,945,951,762	1152,763,1213
1450,299,945,951,762	763,708,1213
1450,463,945,951,762	472,763,1213
1450,945,886,951,762	763,1213,1475
353,1330,726,951	728,945,458
726,951	728,953
728,951	953,726
728	727
726	728
353,1330,951,729,510	945,458,733
733,951	953,732
729,71	734
353,1330,734,951	736,945,458
736,951	953,735
737,726,718,951	740,719
737,762,726,951	763,740
737,1412,726,951	740,1405
739,951	737,953
738,951	953,739
353,1330,740,951	945,458,742
741	730,738
742,951	953,741
726,718,951	729,719
353,1330,729,951	945,458,731
731	730
951,726,718,743	746,719
951,762,726,743	746,763
951,1412,726,743	746,1405
744,951	745,953
745,951	953,743
353,746,1330,951	945,458,748
747	744,730
748,951	953,747
726,718,702,951	749,719
762,726,702,951	763,749
1412,726,702,951	1405,749
353,1330,749,951	945,458,751
750	730,703
951,703	704,953
951,751	953,750
704,951	953,702
752,726,718,951	755,719
752,762,726,951	755,763
752,1412,726,951	755,1405
753,951	953,754
754,951	752,953
353,1330,755,951	945,458,757
756	753,730
757,951	953,756
731,947	728,953,1215
770,805	945,1461
528,938	764,951
760,1184	1185,951,759
1184,1405	1185,1412,951
1405,1182	1183,1412,951
761,1502,951	0,1127
1349,718	458,762,951
763,1182	1183,762,951
1184,763	1185,762,951
764,951	953,766
766	765
766	764
1464,1151	1150,783
1464,127	128,783
353,725,951	714,458
1067,805	776,945
773	1379
776,353,951	458,773
773,951	953,775
775	774
777,951	953,779
779	778
1393,715	1288,772
1393,714	1288,772
772	771
764,1502,951	0,945
782	781
780,951	953,782
1078	945,783
951,783	785,953
951,783	785,953
785	784
951,531,311	832,303
1332,861	947,788
1349,677	682,786,951
788	787
257	877
906,1332	897,947
42,277	898,613
277,55	898,1171
277,53	1497,898
277,46	898,1266
44,277	898,966
50,277	898,1223
48,277	1234,898
353,1330,790,951	792,945,458
792	791
1185,629,951	1184,898
1397,629	898,1396
629,1150	898,1151
128,629	898,127
353,1330,793,951	945,458,795
795	794
353,1330,796,951	945,458,798
798	797
353,1330,951,799	801,458,945
801	800
353,802,1330,951	945,458,804
804	803
904,1330	945,898
945,52,951	879
1184,1330,879	1185,878,951
715,1187	833,945
1185,275,951	1184,805
1330,859	945,805
1332,805	1330,807
807	806
816,1332	811,947
811	810
813	812
264,945	817
1183,1484,951	1182,823
945,123	820
951,823	825,953
825	824
820,951	953,822
822	821
817,951	953,819
819	818
353,951,809	458,814
816	813
859,814	945,1110
808,1605,951	1608,858
1393,826	1288,828
828	827
829,951	953,831
831	830
1608,1349	1640,786,951
353,1330,814,951	816,945,458
814,951	816,953
816	815
833,1332	1330,835
835	834
833,1393	1288,837
837	836
1183,21,951	1330,789,1182
951,1502,758	0,838
353,1330,758,951	458,764,838
842	841
1183,907,951	945,843,1182
850	847
951,1347,399	458,844
1104,844,951	849,945
1099,915,951	849,945
846	845
833,881	873,715
1185,853,951	1184,945,855
233,881	945,853
1187,942,855	857,945,1213
857,1330,353,951	881,458,1385
945,1135,887	1434,1502
353,844	458,915
462	910
531,318	859,303
864,953,1397	947,1396,861
862,951	864,953
864	863
786	1330,910
786	1330,462
1393,131	264
264,945	865
865,951	953,867
867	866
353,910,951	354
858,1605,951	1608,1002
1605,854,951	808,1608
856,1605,951	1608,854
869	868
870,951	872,953
872	871
353,1330,859,951	945,458,861
1393,805	1288,861
859,951	953,861
861	860
861	860
910	462
354,1349	458,786,951
353,1330,873,951	881,458,1187
876,1349,399	873,458,1541
353,1330,873,951	945,458,875
875	874
1183,1482,951	826,1182
353,878	881,458
881,235	233,883
353,1330,884,951	881,458,578
528,233	881,951
368,1185,1187,951	1184,881,945
881,1187	873,945
883,1189	875,947
881,1349,1358	945,1371,873
881	880
1184,881	368,873,1185,951
1184,877,1542	1185,885,951
1349,885,399	881,458,1542
353,1330,881,951	945,458,883
881,951	953,883
1176,881	1178,883
883	882
528,131	886,951
892	891
890	892
113,531	887,303
353,1330,893,951	945,458,895
893,951	953,895
895	894
897	896
353,898,1330,951	945,458,900
898,1332	1330,900
900	899
901,951	953,903
903	902
1183,626,951	904,1182
353,227,951	458,901
353,155,951	458,901
528,1183,1187,1135	1502,1182,887
907,1182	1183,886,951
1184,907	1185,886,951
907,951	953,909
1176,907	1178,909
909	908
1397,886	907,1396
1150,886	907,1151
128,886	907,127
906	905
906	904
353,898,951	904,458
928,1041,951	1056,945
1041,951	945,1155
911,1349,399	458,1543,887
951,887	889,953
1176,887	889,1178
889	888
945,847	849
355,1349	913,458,951
912,353,951	458,914
913,1330	912,945
1184,1187,1012	1185,915,951
1349,399,881,915,951	873,458,945,1649
917	916
528,1185,1418	1184,274
353,274,951	458,862
848,1184	1185,850,951
844,951	945,918
505,898,951	945,790
953,507,900	792,947
705,898,951	793,945
953,707,900	795,947
898,1434,951	945,802
953,900,1436	947,804
904,898,951	945,796
953,906,900	947,798
898,1018,951	945,799
953,900,1020	801,947
769,1349	1024,919
921,925	920,928
353,915,951	458,922
922,951	953,924
924	923
928,1456	945,934
353,1330,934,951	928,458,1456
927	926
928,1184	1185,925,951
504,883	930,947
353,930,1330,951	928,945,458
928,353,1330,951	945,930,458
930	929
928,353,1330,951	458,884,887
764,365,951	945,931
764,1349,78,951	945,931
1330,1347,951	945,851
951,851,399	458,931
1187,1652	945,931,951
933	932
1187,1645	945,951,935
915,1349	1371,935
951,935	937,953
937	936
935	937
777	870
1484	829
872,1332	947,869
944	943
947	946
945	947
1453,951	948,1213
950	948
950	949
940	939
938	940
1183,290,951	180,1182
216,1183,951	192,1182
1183,220,951	196,1182
1183,212,951	188,1182
1183,213,951	189,1182
1183,226,951	204,1182
1183,217,951	193,1182
1183,223,951	1182,199
225,1349	1233,244
182,951	184,953
184	183
956,951	528,945
364,1117,951	396,957
1117,951	1138,957
960	959
963	962
965	964
1349,967	769,945,1321
353,1325,951	458,972
353,1327,951	458,988
353,981,951	1057,356
353,972,951	356,981
353,988,951	356,1325
353,951,535	856,356
353,250,951	248,458
353,805,951	458,859
353,1100,951	1104,458
353,715,951	458,770
992,951	953,994
353,1330,971,951	945,458,969
971,951	953,969
971	970
1183,973,951	945,977,1182
977,1330	976,945
978,1349,399	1544,458,973
353,1330,973,951	945,458,975
973,951	953,975
975	974
1464,1238,951	945,979
951,1238,783	945,980
1187,982	1345,945
240,353,951	458,239
987,951	953,985
987	986
1393,299	242
273,951,399	272,458
979,951	637,1213
201,951	953,203
203	202
131	989
901,1182	1183,989,951
1184,901	1185,989,951
1185,951,455	1184,985
353,1326,951	985,458
531,1470	985,1467
368,976	881,1011
1183,1645,951	945,995,1182
994	993
293,998	992,303
1012,1349	1371,995
953,1397	938,1396,951
953,1150	938,1151,951
128,953	951,938,127
1330,1389	945,1388
997	996
995	997
953	952
368,528,1185	1184,1001
1000	508
1000	508
1393,68	1000,945
1464,886	1001
1003,1182	1183,261,951
1184,1003	1185,261,951
1003,951	953,1005
1005	1004
881,699,366,951	873,1363
945,1011	699
528,945,205	114,951
881,207	368,1007
1010,1349,399	1545,458,1007
353,1330,1007,951	945,458,1009
1007,951	953,1009
1009	1008
768	945,1012
1183,1649,951	945,1012,1182
1014	1013
953,1017	1015,951
1015,951	953,1017
1017	1016
1176,1018	1178,1020
1409,995	945,1021
353,1012,951	458,1021
1020	1019
1021,951	953,1023
1021,951	953,1023
1023	1022
651	1024
1024,945,1182	1183,941,951
1183,170,951	168,1182
136,945	168
169	136,945
169,531,951	945,206,303
353,1330,1025,951	945,458,1027
1027	1026
353,1330,1035,951	945,458,1033
1034	1035
1185,951,383	1184,73
1184,74	1185,951,111
528,340,277	1074,292,951
528,531,340	951,1074,303
303	290,531
464,303	216,531
998,303	531,220
1222,303	531,212
602,303	531,213
617,303	226,531
1495,303	217,531
1334,303	531,223
514,1349	562,1038
1330,1038	945,1037
1330,1037	424,945,1288
528,1657	174,951
353,1330,1029,951	945,458,1031
1029,951	953,1031
1031,951	953,1029
1031	1030
1601,332	537,1586
859,814	945,1049
816,861	1051,947
80,284	281,945
1182,1047	1183,1155,951
377,881	945,285
1183,1044,951	1048,945,1182
1182,15	1183,1047,951
18,1182	1048,1183,951
1051,951	953,1049
1051	1050
1049,951	953,1051
1183,1393,951	1041,1182
1393,1397	1041,1396
368,1052	249,881
1055,1349,399	458,1546,1052
353,1330,1052,951	945,458,1054
1052,951	953,1054
1054	1053
1056	928,1155
353,1330,1060,951	945,458,1058
954,946	536,952,959
946,955	952,1061,959
353,1330,1062,951	945,458,1057
1061	1062
1064,1605,951	1065,1581
616,953,900	43,947
953,900,1566	56,947
953,900,1569	947,54
960,953,900	947,47
953,963,900	947,45
953,1226,900	51,947
953,900,1229	49,947
616,953,795	947,28
953,795,1566	947,29
953,795,1569	947,30
960,953,795	947,31
953,795,963	32,947
953,1226,795	33,947
953,795,1229	34,947
616,953,798	35,947
953,798,1566	947,36
953,798,1569	947,37
960,953,798	947,38
953,963,798	947,39
953,1226,798	40,947
953,1229,798	41,947
898,614,951	945,116
898,1564,951	160,945
898,1567,951	945,158
898,958,951	945,134
961,898,951	945,132
1224,898,951	945,146
898,1227,951	144,945
793,415	1289,83
416,793	1291,85
417,793	1293,87
793,418	89,1295
793,419	1297,91
793,420	1299,93
793,421	1301,95
796,415	97,1289
416,796	1291,99
417,796	1293,101
418,796	1295,103
419,796	105,1297
420,796	1299,107
796,421	1301,109
793,614,951	945,83
793,1564,951	945,85
793,1567,951	945,87
793,958,951	89,945
793,961,951	945,91
1224,793,951	945,93
793,1227,951	945,95
796,614,951	97,945
796,1564,951	945,99
796,1567,951	945,101
796,958,951	945,103
961,796,951	105,945
1224,796,951	945,107
1227,796,951	945,109
112,1185,951	1184,1434
528,25	1067,951
1349,1070,399	1547,458,1067
353,1330,1067,951	945,458,1069
1067,951	953,1069
1069,951	953,1067
1069	1068
1662	1071
1071,951	953,1073
1073	1072
1393,1397	1396,1044
1393,1150	1044,1151
1044,951	953,1046
1046	1045
1183,715,951	1144,1182
528,292	1074,951
528,1393,1183	1075,1182
1075,951	953,1077
1077	1076
531,1078,951	945,886,303
320,531	1083,303
353,1330,1087,951	1089,458,945
1089	1088
353,1090,1330,951	945,458,1092
1092	1091
353,1330,1093,951	945,458,1095
1095	1094
1096,353,1330,951	945,458,1098
1098	1097
353,1330,1083,951	945,458,1085
1393,1082	1288,1085
1085	1084
1078,951	1080,953
1078,951	1080,953
1080	1079
849,1330	1099,844,951
715	1100
1100,1332	1330,1102
1102	1101
1183,777,951	1107,1182
1393,1103	1288,1109
1109	1108
1100,901	945,1103
1393,1100	1288,1106
1106	1105
945,139	140
1464,1393	1132
531,140,951	945,1346,1219
1074,531	1081,277
1393,1491,951	1113,569
376,1169	1167
1168,382	1167
376,1170	1166
376,1162	1169,947
376,1163	1170,947
376,1165	947,1167
376,1160	947,1165
376,1159	947,1164
1160	1162,947
1159	947,1158
1165	1169,947
1161	947,1163
1183,1219,951	1182,1078
1219,1397	1396,1078
1219,1150	1078,1151
648,945	267
528,1393,1183	1182,1078
528,1185,1393	1184,1078
945,941,1182	142,1183
525,142	154
1110,951	1112,953
1112,951	953,1110
1112	1111
241,1349	562,141,951
1330,396,1349	945,458,1117
353,1114,1330,951	945,458,1116
1116	1115
945,1124	1117,942
945,1121	1117,942
1117,1502,951	269,957
353,1330,1124,951	945,458,1126
1126	1125
353,1330,1121,951	945,458,1123
1123	1122
945,1530,1117	1531,1124
945,1530,1117	1121,1531
1127,1349,399	458,1548,1117
353,1330,1117,951	945,458,1119
1119	1118
1128,953	1130,951
1130	1129
1128	1130
1128,353,1330,951	945,458,1130
1330,1155	629
1018,1330	945,1131
1132	945,139
1134	1133
1158,382	1169,947
376,1159	1160,947
1164,382	947,1167
376,1156	947,1159
1157,382	1168,947
1156	947,1157
1164	1168,947
1083,859	945,1093
859,1093	1096,945
1096,859	945,1090
1090,859	945,1087
859,1087	945,1086
405	1160
403,405	1159
403	1156
1162,405	1161
1096,786	1090,1330
786,1090	1330,1087
786,1087	1330,1086
528,1346	1137,951
1137	1136
1138,951	953,1140
1140	1139
1136	1467
1143,951	953,1141
1141	1143
1104,1330	945,1100
1144,1393	1288,1146
1146	1145
945,119	1107
1141,951	953,1143
1143	1142
1039,525,951	514,1063
1033,525,951	514,1039
1040,525,951	514,1327
353,1330,1147,951	945,458,1149
1149	1148
1502,126	945,206,1135
1167,1598,951	1587
1598,1166,951	1587,1167
1152,353,1330,951	945,458,1154
1154	1153
342,270	945,268
0,951	1120,945
1120,1185	1184,1135
269,1182	1183,1135,951
267	266
353,266,951	458,270
720,1557,942	945,1213,287
1174	1173
1172	1174
293,879	945,306
1181	1180
1179	1181
951,1194,399	945,1182
1182,1150	1183,1151,951
953,1397,1182	1183,1396,951
953,1182,1150	1183,1151,951
128,953,1182	1183,127,951
1397,1182	1183,1396,951
128,1182	1183,127,951
1184,353,951	458,1182
1186,357,951	945,1182
1184,1397	1185,1396,951
1184,1150	1185,1151,951
128,1184	1185,951,127
1330,1182	1184,945
951,1349,1182,399	458,1187,658
1184,1183	1185,1182
353,1330,1193,1349	945,458,1179,1371
1178,951	1176,953
1178,951	1176,953
1178,951	1176,953
1178	1177
353,931	458,844
1640,353	458,1605
353,562	458,492
353,682	458,676
353,625	458,618
353,690	458,683
608,353	458,604
353,595	458,590
1189	1188
1187	1189
945,1172,1182	1183,1203,951
1192,353,1330,951	945,458,1190
1192,951	953,1190
1192	1191
1190	1192
353,1330,1190,951	1192,945,458
1349,1182	1194,458,951
1193,1187	945,1194
1401,1186,951	945,1194
1194	1196
1401,1186,951	945,1196
1196	1195
1179,1187	945,1186
658,1349	1193,458,951
951,1179,271	649,1193
528,1193,1349	1371,1398,951
1197,951	953,1199
1199	1198
947,1396,1199	1202,1397
945,953,1396,1197	1200,1397,951
1199,947,1151	1202,1150
945,953,1197,1151	1200,1150,951
1200,1199	1202,1197
1202	1201
1200,1182,951	1203,1213,1183
1184,1200,951	1185,1203,1213
1205	1204
1203	1205
633,531	1426
1330,687	945,684
1330,1653	945,1649
1332,1655	1651,947
1330,1021	945,1012
1332,1023	947,1014
1330,644	641,945
1332,646	643,947
689,1332	947,686
1330,1637	945,1621
1332,1639	947,1623
609,1330	945,605
611,1332	947,607
1330,583	945,525
585,1332	947,527
1330,1517	945,679
1332,1519	681,947
586,1330	945,591
588,1332	593,947
345,1330	945,399
347,1332	401,947
1330,622	945,619
624,1332	947,621
922,1330	945,915
924,1332	947,917
353,1330,951	945,458
1330,1006,951	945,1028
640,1330,951	945,647
1648,1330,951	945,1652
1330,844,951	945,931
953,1332,846	947,933
1330,492,951	945,562
619,1349,951	625,945
641,1349,951	945,647
1649,1349,951	945,1652
915,1349,951	945,931
1349,605,951	608,945
1349,525,951	945,562
951,1349,591	945,595
951,1349,399	945,458
951,1349,679	945,682
1621,1349,951	1640,945
1012,1349,951	945,1028
1352,622	625,945
1352,922	945,931
945,1187,1182	1183,1197,951
947,1396,1189	953,1397,1199
947,1189,1151	953,1150,1199
1208	1209
953,1209,1599	537,1210
953,1206,1599	1212
953,1599,1207	1212,1206
953,1210,1599	1212,1207
531,428	1404,303
1212	1211
852,1605,951	1614,839
951,1605,839	1608,428
1211,1605,951	1608,852
1218	1217
1215	1214
1213	1215
528,1393	1219,951
1346,764	531,143
513,1330,951	486,1239
1226	1225
1229	1228
1232	1231
1233,1349	1024,769
1235	1236
368,1329	881,1237
152,364,951	396,148
951,364,151	396,149
528,249	170,951
150	1213,151
353,1330,150,951,1183	945,458,1182,151
528,1621	1242,951
149	152,1213
353,1330,149,951,1183	152,945,458,1182
242	945,1238
528,153	225,951
148	153,1213
353,1330,148,951,1183	153,458,945,1182
528,1385	1239,951
353,1330,1239,951	945,458,1241
1241	1240
1243,951	953,1245
1245	1244
1371,1243	1242,1349
1246,486	1330,1247
528,1459	368,1507,951
1183,881,951	945,52,1182
1184,1364	1185,52,951
353,1330,1249,951	1248,945,458
353,1330,1251,951	945,458,1250
353,1330,1253,951	945,458,1252
353,1330,1255,951	945,458,1254
353,1330,1257,951	1256,945,458
353,1330,1259,951	945,458,1258
353,1330,1261,951	945,458,1260
1263,951	953,1265
1265	1264
1349,1317,399	458,531,1262
951,1349,1335,399	458,371,1268
1,1330	1248,945
2,1332	1249,947
1330,3	945,1250
4,1332	947,1251
1330,5	945,1252
1332,6	947,1253
1330,7	945,1254
8,1332	947,1255
9,1330	1256,945
10,1332	1257,947
1330,11	945,1258
12,1332	947,1259
1330,13	945,1260
1332,14	947,1261
1594,1621	1600,1619
1450,1530,1269,951	1531,1270
920,1450,1269,951	921,1270
951,399	945,478
528,1183,303	1393,531,1182
1183,1390,951	1182,1271
1390,942	1213,1271
528,945,1330,951,1271,1183	1329,691,1182
1392,1330	945,1271
353,1330,1273,951	1272,945,458
353,1330,1275,951	945,458,1274
353,1330,1277,951	945,458,1276
353,1330,1279,951	945,458,1278
353,1330,1281,951	1280,945,458
353,1330,1283,951	945,458,1282
353,1330,1285,951	945,458,1284
944,1265,1189	947,1287,1215
1287	1286
1183,1237,951	252,1182
10,701	1281,1062
701,14	1285,1062
353,725,951	458,715
353,1483,951	1482,458
764,303	1393,531
353,1290,1330,951	945,458,1289
353,1330,1292,951	945,458,1291
353,1330,1294,951	945,458,1293
1296,353,1330,951	945,458,1295
353,1298,1330,951	945,458,1297
353,1330,1300,951	945,458,1299
353,1330,1302,951	945,458,1301
833	832
1183,228,951	227,1182
715	805
353,21	458,227
274,951	945,275
1330,907	945,156
227	155
805	786
1304,353,1330,951	945,458,1303
353,1306,1330,951	945,458,1305
353,1330,1308,951	945,458,1307
353,1330,1310,951	945,458,1309
1312,353,1330,951	945,458,1311
353,1314,1330,951	945,458,1313
353,1330,1316,951	945,458,1315
1289,1330	945,1303
1290,1332	1304,947
1330,1291	945,1305
1292,1332	1306,947
1330,1293	945,1307
1332,1294	947,1308
1330,1295	945,1309
1296,1332	947,1310
1297,1330	945,1311
1298,1332	1312,947
1330,1299	945,1313
1300,1332	1314,947
1330,1301	945,1315
1332,1302	947,1316
1303,525,951	898,493
1305,525,951	898,499
1307,525,951	498,898
1309,525,951	898,495
1311,525,951	898,494
1313,525,951	497,898
1315,525,951	496,898
353,1330,1323,951	945,458,1321
1322	1323
1328,881	368,1318
1324,1349,399	458,1549,1318
1318,951	1320,953
1320	1319
1020,1332	947,1134
1330,951	953,1332
1332	1331
353,1330,951	945,458,1332
616,117	1249,947
161,1566	947,1251
1569,159	947,1253
960,135	947,1255
963,133	1257,947
1226,147	947,1259
145,1229	947,1261
616,953,84	1273,947
953,86,1566	947,1275
88,953,1569	947,1277
960,953,90	947,1279
953,963,92	1281,947
953,1226,94	1283,947
96,953,1229	947,1285
616,953,98	1290,947
953,100,1566	947,1292
953,102,1569	947,1294
104,953,960	1296,947
953,106,963	1298,947
953,1226,108	947,1300
953,1229,110	947,1302
616,953,43	1249,947
56,953,1566	947,1251
953,54,1569	947,1253
960,953,47	947,1255
953,963,45	1257,947
953,1226,51	947,1259
49,953,1229	947,1261
616,953,28	1273,947
953,29,1566	947,1275
953,30,1569	947,1277
960,953,31	947,1279
32,953,963	1281,947
33,1226,953	1283,947
953,34,1229	947,1285
616,953,35	1290,947
953,36,1566	947,1292
953,37,1569	947,1294
960,953,38	1296,947
953,963,39	1298,947
40,953,1226	947,1300
41,953,1229	947,1302
1100	1099
1330,255	945,258
353,138	240,458
353,253,951	458,1335
1176,1335	1337,1178
1337	1336
528,1397,293	945,1396,1393
1330,951	945,1349
1330,1349,951	1352,945
458,1338	1344,353
1343	1342
1343	1341
1176,1338	1178,1340
1340	1339
1345,945,951	257
1330,1219,951	528,945,1288
528,1267	254,951
528,353,1288	458,1219
1338,1467	1464,1346
844,1349	945,1347
1352,353	458,1349
353,1349	458,1330
1401	1400
130	129
1349,525,254,951	562,578,253
528,165,1183	1348,1182
528,945,1328	1348,951
945,1350	1213,1351
1464,1350	1351,783
500,1182	1183,1353,1213,951
1353,951	953,1355
1355	1354
1288,951,1330,399	945,458,1393
940,1332	947,1357
1357	1356
353,1330,838,951	458,1358,887
353,1330,951,367	458,767
114	1359
1362	1360,945
353,1330,76,951	256,458,452
1360,1349,951	1361,945
353,881,1330,951,767	873,458,945,758
1363	1362
951,52,719	1364,718
353,1330,1367,951	1369,458,945
1369	1368
1370,1349,399	458,1364,1550
353,1330,1364,951	945,458,1366
1364,951	953,1366
1176,1364	1178,1366
1366	1365
951,1371,399	1401,458
1379,951	953,1381
1381	1380
1330,229	1288,1441
528,1272	1372,951
528,1274	1373,951
528,1276	1374,951
528,1278	1375,951
528,1280	1376,951
528,1282	1377,951
528,1284	1378,951
368,1382	881,228
1384	1383
1330,1434	945,1382
1436,1332	1384,947
1372,525,951	1434,493
1373,525,951	1434,499
525,1374,951	498,1434
525,1375,951	1434,495
1376,525,951	1434,494
1377,525,951	497,1434
1378,525,951	496,1434
1344,531	1330,1346
531,341	1330,303
1332,1510	1512,947
1349,661	458,1267,951
1241,1385	1387,1239
881,236	368,1385
353,1330,1385,951	945,458,1387
1385,951	953,1387
1387	1386
1400,342	345,1330
129,342	586,1330
1400,935	922,1330
129,935	1330,622
1400,995	1330,1021
129,995	1330,644
1400,1645	1330,1653
1390,1187,942	945,1388,1213
353,1388,951	458,1389
353,1390,951	458,1391
353,1271,951	1392,458
1330,1391	945,1390
1393,458	1288,353,951
1400,1629	1330,1637
1393,951	953,1395
1395	1394
1216,1396,951	1397,1213
1216,1151,951	1213,1150
945,1330,1398	629,999
353,1371	458,1399
353,1399,951	1400,458
1409,1330	945,1401
1411,1332	1403,947
1403	1402
353,762,951	458,1412
945,650,1330	596,255
1412,255	650
353,1401,951	1409,458
353,1419,951	458,1406
1656	1419
1002,676,951	1040,678
957,639	1408
353,1330,1409,951	945,458,1411
1411	1410
1414	1415
353,1413,951	458,1414
1417	1416
1415,951	953,1417
1048,629	1413
945,1530,590	353,1531
920,945,590	353,921
945,618,1530	1531,844
920,945,618	921,844
945,1530,604	1531,492
920,945,604	921,492
945,1530,683	1531,1605
920,945,683	921,1605
945,595,759	760,458
625,945,759	760,931
608,945,759	760,562
945,690,759	760,1640
1656	1418
1418	1401
1330,1407	945,271
914	1420
528,1187,1471	945,1462,951
1330,844,1349,423	945,458,931,1453
720,942,887	945,1213,1422
1183,715,951	1182,1423
1393,1423	1288,1425
1425	1424
1464,79	945,1445
881,1446	368,1445
1330,1428,951	1438,1430
1330,1430,399	945,458,1429
1349,1437	458,1434,951
337,531	1434,303
1393,1187	1431
1393,1187	1434
1439,1349,399	1552,458,1434
1349,1438,399	458,1551,1434
1434,951	953,1436
1176,1434	1178,1436
1436	1435
928,764,951	288,945
1464,881	945,1468
1183,1468,951	945,1469,1182
1393,1507,157	1000,1459
1183,1427,951	1182,670
1440,951	1427,726
1184,1442	176,1185,951
353,1441,951	1442,458
1464,581,951	578,1470
1442,951	953,1444
1444	1443
1449	1448
1447	1449
1452	1451
1455	1454
881,1469	368,1471
531,286,951	1456,303
1175,531,951	1456,303
1456,353,1330,951	945,1458,458
1458	1457
1456,268,951	1385,397
1213,942	1216,951
944,1215	953,1218
1464,1183,951	945,1474,1182
1464,1185,951	1184,945,1474
1426,1349,399	458,531,1463
945,1463	157
1464,951	953,1466
1464,951	953,1466
1466,951	1464,953
1466	1465
1397,783	1464,1396
1466,783	1464,785
353,1330,1467	1464,458,531
1473	1472
1393,1461	1288,1473
353,1330,1475,951	945,458,1477
1477	1476
1184,945,948	1185,1450,951
353,1330,1453,951	945,458,1455
491	1498
1183,1484,951	395,1182
715,693	1420,789
945,1219	1485
1466,1485	1464,1487
1487	1486
289,1450,528,951,1464	368,1213,1488
1488,353,1330,951	945,458,1490
1490	1489
1493	1492
1494	1499
1330,1506,951	945,1507
672,531,951	673,303
368,673	881,674
675	674
1184,678	1185,675,951
945,674	677
353,1063,951	1064,458
665,666	664,667
666,669	667,668
789,629	1483
1185,1182,951	1184,953,1183
531,1446	945,1467,1500
945,1530	1531,942
1517,951	953,1519
1517,951	953,1519
1519	1518
353,1330,1503,951	945,458,1505
1505	1504
299,887	457
299,887	1508
1183,113,951	1508,1182
1187,143	1508
1512	1511
1330,1508	945,1326
1513,1349,399	1553,458,1508
353,1330,1508,951	945,458,1510
1510,951	953,1508
1508,951	953,1510
1176,1508	1178,1510
1510	1509
1516,951	953,1514
1516	1515
1349,399,528,945,243,951,377,250	458,691,578,1575
1420,789	1656,1401
715,789	1656,693
1520,945,1151	1523,1150,951
1522,947,1151	953,1525,1150
1520,945,127	128,1523,951
1522,947,127	128,953,1525
1525	1524
1522	1521
353,951,679	458,1517
129,1514	1330,1517
679,631	684,1135
353,1506,951	458,1503
353,1507	458,1506
1506,1349	138,250,951
789	629
162,342	458,661
1184,1531	1185,1530,951
859,805	945,1532
1330,1533	945,1532
1532,1605,951	1608,805
859	945,1533
861	947,1535
1393,1532	1288,1535
1535	1534
1393,1187,1015	945,1557
945,1557,789	1434,205
945,1557	1434,1015
789,1015	205
1560,1349,399	458,1554,1557
1557,951	953,1559
1559	1558
901,1182	1183,131,951
353,1330,1561,951	945,458,1563
1563	1562
1566	1565
1569	1568
353,1330,1570,951	945,458,1572
1572	1571
1574	1573
944,1189,246	947,1574,1215
1577,1332	1579,947
1579	1578
881,165	368,1575
1580,1349,399	458,1555,1575
1575,951	953,1577
1577	1576
1581,277,951	195,1583
353,1330,1618,951	80,458,1596
953,308,1623	947,1607
313,953,1623	947,1591
1591	1590
1183,1593,951	1592,945,1182
1592	1589
277,1582	195,1589
1330,1588	1288,1589
1589,1349	1640,951,311
1587,1605,951	1594,1589
353,1330,1596,951	880,458,1595
353,1330,1595,951	377,458,1597
1184,1597	1185,1588,951
1600,1330,951	945,1598
1349,1598	1024,769
1601,953,1332	947,1599
1600	1601
1607	1606
1611	1608
1614	1611
953,811,1623	947,1613
1613	1612
1183,1615,951	1608,945,1182
528,1604,1183	1182,1615
1617	1616
953,788,1623	1610,947
1610	1609
368,1603	881,1604
953,869,1623	1617,947
786,1611	1608,809
528,1187,886	945,1633,951
353,1330,1619,951	458,380,1618
293,1583	945,1582
1602,1502,951	0,1603
1586	1585
353,1330,1618,951	281,458,1597
1618,374	945,1620
353,1330,1620,951	458,1597,278
353,1605	458,1621
1623	1622
368,1117	137,881
1585,764	1584,945
1584,1605	1600,1602
364,670,951	396,1628
945,1628	982
528,548	1628,951
1621,1349	1371,1629
1629,951	953,1631
1629,951	953,1631
1631	1630
1183,1247,951	1633,1182
1636	1635
1634	1636
528,389,942	1632,945,1213
353,683	458,684
1409,1629	945,1637
844,1621,951	931,1637
1637,951	953,1639
1637,951	953,1639
1639	1638
1065,1621,951	945,1581
881,206	368,1641
1644,1349,399	1641,458,1556
353,1330,1641,951	945,458,1643
1641,951	953,1643
1643	1642
1393,1641	377,206
1419	1657
1632,1183,951	945,1645,1182
1645,951	953,1647
1647	1646
1645	1647
1651	1650
1649,1349	1371,1645
1409,1645	945,1653
1653,951	953,1655
1655	1654
1661	1658
770	859
1656,353,951	458,1661
353,1657,951	458,1662
1662,951	1664,953
1664	1663
353,1330,1658,951	945,458,1660
1658,951	953,1660
1660	1659
353,1330,1667,951	945,458,1665
1667,951	953,1665
1665	1667
353,1330,1665,951	945,458,1667
1667	1666
512,951	953,510
1080,951	953,1078
452,951	953,454
951,887	889,953
377,951	953,379
1464,1243	635,783
