1	1375
2	1378
3	1382
4	1386
5	1389
6	1391
7	1394
1395	923
8	1395
1398	927
9	1398
610,12,189,775	337,1402,620
1402	930
1349	936
1353	939
1354	942
1356	945
610,28	1360,1572
1360	949
1443,1572	1577,1356
1572,1429	1353,1577
1424,1572	1577,1349
1572,1430	1577,1354
1364	951
140	1401
23	1421
21	1419
187	1409
185	1407
214	1415
211	1413
74	1366
78	1367
81	1371
85	1373
92	1377
96	1379
99	1381
266,686,807	337,74,389
266,807,687	337,78,1006
688,266,807	337,81,1011
690,266,807	337,635,85
266,693,807	337,642,92
266,807,695	96,337,800
266,699,807	337,99,580
102	1383
105	1388
108	1390
110	1392
114	1393
118	1396
122	1400
706,266,807	337,389,102
266,708,807	337,105,1006
712,266,807	337,1011,108
714,266,807	337,635,110
266,716,807	337,114,642
266,718,807	800,337,118
266,723,807	337,122,580
745,500	610,747,157
500,751	752,610,157
745,753	610,747,157
753,751	752,610,157
610,212,775	192,620
1423	959
759,719	610,620,36
1424	962
1429	966
1430	969
620,862	90
857,620	89
172,22	620,343
1452	1001
1452,1572	610,35
1035,620	72
915,620	98
287	911
728,266,807	337,58,1006
266,860,807	337,58,1011
620,1037	75
266,807,666	337,58,635
656,266,807	337,58,642
592,266,807	337,58,580
922,620	111
266,802,807	800,337,58
266,807,394	337,58,389
1041,620	80
368,266,807	337,58,366
266,794,807	337,58,582
620,918	106
620,1031	82
624,722,759	620,86,783
610,1107,509	513,1103
614	12
1682	1402
417,724	290,620
1010,518	198,223
610,747,198	745,620,199
620,380	61
873,620	94
916,620	104
745,620,422	73,610,747,783
745,450,620	610,747,117,783
610,198	1444,1572
1444	988
1436	977
1436,1572	610,116
84,87	97,107
84,502	107
49,610,189	337,47
155,502	107,367
166,502	736,107
145,502	107,796
1761,1771	1577,1443
1761,1499	1577,1429
146,502	107,372
180,502	107,396
1761,1498	1424,1577
1761,1556	1577,1430
90,751	752,153,610
158,502	107,855
107,781	174,502
97,610	1464,1572
1464	1024
89,751	752,610,148
72,751	752,610,133
98,751	752,162,610
610,107,747	745,101,502
75,751	752,610,135
751,111	176,752,610
1469	1027
80,751	752,610,139
101	1469
106,751	752,610,171
502,103	280,107
82,751	752,610,141
807,207	600,610,183
601,610,189,775	337,107,629
61,751	752,610,165
94,751	160,752,610
799,189,775	337,788,502
1761,1471	1577,1474
104,751	168,752,610
1474	1033
1471	1030
1761,1476	1480,1577
153,58,499	610,794,599
1480	1039
610,124,189	337,119
1100,1102	1067,1046
58,499,148	368,610,599
58,499,133	610,428,599
162,499,58	394,610,599
859,124	1476,701
1476	1036
113,189	337,130
130,502,610	107,518
58,499,135	425,610,599
176,58,499	728,610,599
58,139,499	610,860,599
499,125	208,610,859
58,171,499	610,666,599
169,189	337,87
499,236	610,859
124,837	620,142
610,1069,1103	1052,1102
58,499,141	656,610,599
160,58,499	385,610,599
138,859	1482,701
1482	1042
859,142	701,1486
168,58,499	664,610,599
107,999	626,502
1486	1045
144,610	1488,1572
64,610,189,775	337,1459,620
1459	1009
1443	983
1579,1622,1423	1537,1653,1577
1488	1050
136,859	144
342,310	305,367
1446	991
230,775	770,620
310,727	736,305
310,790	305,796
362,310	305,372
64,229	620,68
1459,1511	1577,1460
387,310	305,396
610,68,189,775	337,1460,620
1460	1012
500,751	752,610,275
854,310	305,855
652,310	305,781
596,310	984,305
502,95	58,107
610,275	1450,1572
1450	994
615,87	620,156
610,775,1053,189	337,1490,620
149	150
152,213	150,262
620,149	483
746	620,149
115,518	156,223
400,58	394,610,775
1532,1511	1577,1538
278,119	273,620
273,610	1538,1572
274,119	620,270
58,1007	728,610,775
58,1013	610,860,775
58,639	610,775,666
197	196
867,845	209,620
58,645	656,610,775
610,270	1531,1572
1504	1064
58,578	610,802,775
58,581	592,610,775
674,58,610	283,502
640,58	394,14
58,644	728,25
266,107,807	337,502,87
1492	1056
58,646	24,860
1492	163
648,58	16,666
58,650	656,15
58,655	18,802
657,58	592,17
752,113,610	115,775,751
610,87	1572,1463
734,87	1617,1463
1463	1020
780,759	177,610,620
610,859,204	205
610,1062	203,1156
172,894	620,213
205,518	510,471
875,375	0,220
498,614	617,607
610,775,269,189	337,629,221
269	259
999,499,747	745,502,223
610,223	1505,1572
1505	1066
229	235,620
610,235,189,775	337,620,1517
732,759	620,610,172
610,172	1496,1572
1496	1058
189	337,266
461,189	600,266
756,189	808,266
499,263	610,262
404,807	337
266,189,610	337,177
610,235,189,775	337,229
1517	1075
69	62
229	233
172,895	177,620
177,610	1498,1572
177,610	1498,1572
1498	1059
610,189,183	337,178
184,569,610	888,207
859,847	851,229
859,518	233,223
859,847	233,851
240,266,807	337,937,233
233,610,189,775	337,1515,620
233,610	1515,1572
184,610,189,775	337,620,1502
610,1502	1060,1572
233,610	1515,1572
498,612	614,607
233,734	1617,1515
1515	1073
545,745	610,539,747
610,747,101	297,745
266,878,610	201,620
266,807	172,820
610,189,678	337,286
393,266	374
393,220	57
610,461,374,775	600,321,769
447,87	620,124
610,659,747	745,620,661
610,747,87	745,620,101
124	138
752,610,87	620,101,751
752,610,788	620,791,751
376,610,747	620,745,364
64,270	272,620
1459,1531	1577,1532
277,119	272,620
272,610	1532,1572
68,270	273,620
610,189,246	337,242
254	246
864,499,759	610,251,620
610,251	250,620
250,610	1523,1572
1531,1460	1577,1538
272,229	273,620
1523	1081
138,189,610	136,337
303	254
264,354	56,262
242,189,610,775	337,620,1519
1519	1078
610,213,711	164,262
1666,1373	1525,1703
304,859	1552,701
1552	1109
1392,1666	1525,1726
610,747,212,365	745,620,221
112,751	752,722,610
8,745	112,610,747
321,759	620,308
1560,1622	1577,1554
172,878	266,620
610,518,807,266,308	337,321,620,510
147,620	256
64,274	620,277
266,308,610,807	337,321,759
329,537	465,620
274,68	620,278
266,807,311	337,308,943
277,229	620,278
498,623	622,607
610,308,189,775	337,1554,620
610,308	1554,1572
1554	1113
617,498	623,607
610,189,1558,775	337,315,620
537,810	620,814
1558	1114
227,499	321,610
1529	1084
610,775,407	321,419
1531	1087
243,189	337,321
865,610,740	321,863
610,189,142	337,274,620
610,740,711	321,715
610,740,998	321,393
824,807	280,820
624,610,740	321,783
280,610,859,518	510,471
499,86	610,131
56,58,499	233,777
393,759	321
620,783	624
789,518	321,223
610,189	281,620
328,266,807	337,321,947
1570,734	1617,401
178,813	337,410,610
281,807	337,610
610,1397	1131,1572
337,610,189	282,620
410,189,610,775	337,620,1397
321,610,189,775	1560,337,620
321,610	1560,1572
321,610	1560,1572
321,610	1560,1572
610,189,413,775	337,620,1399
610,1399	1572,1134
610,739,29	13,263
184,813	337,610,413
499,759	416,610
610,419,189	337,499,759
610,419,518,775,189	337,620,629,510
321,610	1560,1572
1560	1116
594,315,620	597,318
610,990,502	999,295
752,610,131	331,751
808,759	337,610,620
610,189,775	337,620
832,610,775,620,189	337,759,431
610,1404,189,775	337,620,421
610,1404	1572,421
1404	1137
830,807	337,820
610,14,775	400,550
337,610,620	1572,189,775
610,227	1572,1509
1509	1068
610,747,543	745,620,349
421	1404
496,610,640	620,437
496,610,644	456,620
496,610,646	620,452
496,610,648	443,620
496,610,650	440,620
496,610,655	449,620
496,657,610	620,446
836,751	752,610,832
752,610,543	620,349,751
266,355,316	698,709
358,807	600,610,355
361,807	600,610,358
266,775	674,620
745,370,620	610,747,373
370,620,751	752,610,373
759,431	610,531
241,610,189	216,337
370,610	1562,1572
25,610,775	550,1007
1562	1118
610,653,173,370,343	507,262,175
367,87	376,107
610,213,511	693,262
610,213,519	716,262
610,515,213	699,262
610,388,189,775	1568,337,620
1568	1123
522,213,610	723,262
24,610,775	1013,550
465,610,189,775	337,620,1406
1406	1140
610,468,189,775	337,1410,620
610,468	1410,1572
1410	1143
376,610	1564,1572
1564	1120
395,807	600,610,391
398,807	600,610,395
266,316,391	709,887
610,1570	401,1572
1570	1128
585,610,1405	1572,13,1669
610,747,349	745,468
805	471
775,471	191
226,859	471
473,859	1412,701
1412	1072
745,462	610,747,476,783
789,87	483
1572,493	610,1418
1416,610	483,1572
16,610,775	550,639
483,1683	1416,998
1416	1077
1418	1079
878,302	496,620
1447	1085
1241,610,189,775	337,1658,620
610,775,15	645,550
1672,1572,1719	1425,1577
1720,1674,1572	1577,1426
1722,1572,1678	1577,1428
1442	1083
610,1083	1442,1572
1449	1089
1680,1572,1726	1433,1577
499	1449
610,1453,189,775	337,620,505
610,1453	505,1572
1453	1091
1728,1684,1572	1577,1435
1572,1733,1686	1577,1439
1690,1572,1734	1440,1577
1425,1535	1719
1426,1535	1720
505	1453
18,610,775	578,550
1456,1762	1760,1455
1428,1535	1722
1433,1535	1726
17,610,775	581,550
1435,1535	1728
1096,610,189,775	1456,337,620
1455,610,189,775	337,620,508
610,389,775	400,620
610,1092,189,775	337,620,1455
1535,1439	1733
610,1006,775	620,1007
1440,1535	1734
528,305,610,323	525,310
610,1011,775	620,1013
610,635,775	620,639
528,610,323,359	363,525
528,610,323,899	883,525
610,775,642	620,645
1675,1572,1699	1731,1485
610,1099	1465,1572
800,610,775	578,620
610,580,775	620,581
1465,610	528,1572
745,285	610,747,86
610,775,525,189	337,1457,620
1098	1099,1203
1457,610	1098,1572
813,610,531,101	620,215
534,807	600,620
1485	1117
499,759	322,629,610
322,610	1489,1572
1489	1119
859,627,759	620,327
859,627,759	329,620
610,775,189,327	337,620,1493
1493	1121
329,610,87	627,163
233,975	193,610
811,620,499	538,610,783
811,499,653,343	538,262
300,455	345,541
300,189,775	337,541,502
296	300
306,300	307,541
632,859,759	620,333
261,751	752,610,267
266,807,335	337,329,948
610,1495,189,775	337,329,620
307,620	300
296,189,775	337,294,502
886	288
610,189,294,775	337,1468,620
329,610,189,775	337,620,1495
1495	1125
305,610,323,291	292,310
1495	329
715,620,1572	610,783,711
620,1572,863	865,610,783
620,1572,863	865,610,783
870,759	610,620,340
610,294	1468,1572
1468	1106
610,775,541,189	337,1466,620
610,541	1466,1572
541,1494	1466,455
302,895	620,340
1468,541	1466,294
496,610,461	600,340
323,610,291,359	363,292
610,340	1499,1572
1466	1104
610,483,502	107,620,789
848,759	610,620,302
610,340	1499,1572
1499	1126
610,302	1472,1572
323,610,291,899	883,292
1472	1111
307,189,775	337,306,502
306,189,610,775	337,620,1477
434,189	496,337
378,189	337,379
610,837	1642,1572
1642	1224
306,610	1572,1477
854	866
610,292,189,775	337,1547,620
652	649
596	598
859,310,759	305,620,229
470,759	610,620,341
348,189	337,350
610,341	1572,1501
1501	1130
640,610,189	337,1
610,518,775,309,189	337,874,620,510
1577,1483	1572,1653,1479
610,1479,189,775	337,314,620
610,1483,189,775	337,620,316
1483	1115
610,644,189	337,2
1105	1203,1101
610,189,646	337,3
648,610,189	337,4
316	1483
1112,610	314,1156
1479	1112
610,189,650	337,5
610,1101	1545,1572
610,189,655	337,6
657,610,189	337,7
976,610,853	320,1004
610,229	1572,1511
610,1547	1105,1572
1511	1070
1506	1132
610,382	1514,1572
1545,610	291,1572
1514	1142
1516	1144
859,759	620,28
585,499	610,70
70	66
610,189,70,775	337,620,1364
154,189,610	337,151
610,147	1403,1572
1403	956
610,189,143	337,147
137,775	620,701,551
1405	933
437,807	640,610,309
456,807	610,644,309
452,807	610,309,646
443,807	648,610,309
859,399	154
402,189	337,406
1520	1150
440,807	610,309,650
290,859	1541,701
449,807	610,309,655
446,807	657,610,309
610,412	1522,1572
1522	1151
65	34,620
475,759	620,610,356
360,610,365	911
620,127	48
1541	1097
129,620	51
859,420	418,701
610,507,189,775	337,354,499
124,119	473,620
1508	1136
1526	1152
288,610,189,775	337,1539,620
418	1526
610,747,37	745,31
40,807	337,610,37
946,37	43,620
610,747,422	745,462
1512	1138
547,759	610,620,381
542,759	610,620,382
697,610	422,783
288,610	1539,1572
868,751	752,610,46
610,620,46	859,324
610,1539	288,1572
875,751	752,426,610
426,189,610,775	337,454,518
417,383	985,620
1539	1090
442,775	448,620
884,751	432,752,610
499,164,807	590,610,438
11,620	610,926
448,610,807	620,215
1504,295	209,1548
745,47	610,747,55
610,438,502	11,620
41,457	442
1537	1166
209,499	610,295
432	442
1542	1168
1504,1449	1548,1572
1168,610	1572,1542
616,865	444,863
1668,295	1548,615
616,711	715,444
616,998	393,444
610,407	620,444
450,747,610	745,459
610,189,502	337,495
672,751	752,610,159
101,399	170
1544,865	1549,863
267,759	610,620,63
393,295	298
454,807	204,45
637	458
1544,711	715,1549
1555,1559	1563,1551
924,501	497,929
889,751	752,610,460
745,889	610,747,460
266,298,610,807	337,321,487
436	215
53,775	137
1561,1559	1563,1557
128,752,610	944,751
944,610	1800,1572
1800	1219
620,54	53
266,301,807	337,941,295
1528	1153
610,470	1572,1533
620,789	1051
610,775,189,295	337,620,1548
509,189	337,529
1533	1155
157,751	752,610,60
1565	1169
610,1548	1572,295
1567	1173
848,610,747	257,745
610,540,189	337,542
848,167	542,775
610,542	1571,1572
1571	1175
745,275	610,747,60
610,540,807	547,620
1548	1108
202,751	752,610,549
499,549	610,859,399
275,751	752,610,60
574,807	784,482
745,482,620	610,747,618
865,610,213	225,262
610,549,189	337,548
610,747,245	745,620,551
715,620,484	489,711
752,610,243	324,775,751
1577,715,1534	1536,711
161,620,484	489,164
368,745	610,747,862
368,751	752,610,862
745,394	857,610,747
161,1534,1577	1536,164
394,751	752,857,610
1536	1161
49,610	304,620
489	1536
1534	1159
425,745	610,1035,747
425,751	752,610,1035
728,745	610,747,915
313,610,189	337,317
728,751	752,610,915
745,860	610,747,1037
860,751	752,610,1037
745,666	610,747,922
666,751	752,610,922
656,745	1041,610,747
656,751	752,1041,610
745,802	610,747,918
802,751	752,610,918
592,745	610,747,1031
592,751	752,610,1031
387,620	88
620,854	121
652,620	93
620,596	109
859,399	143
620,143	50
58,822	394,818
568,58	728,822
825,58	656,818
58,570	728,825
385,745	610,747,380
385,751	752,610,380
664,745	873,610,747
664,751	752,873,610
751,559	752,553,610
420,846	313
610,189,1182,775	337,620,1580
620,701	244
745,794	610,747,916
794,751	752,610,916
1177,610,189,775	1576,337,620
266,557,610	40,950
610,43	620,557
610,43,325	339,620
779,751	752,561,610
1576,1760,1572	1578,1455
1760,1572,1573	1768
1760,1572,1574	1768,1573
1760,1578,1572	1768,1574
1768	1107
101,759	562
562,610	1587,1572
620,342	67
610,755	809,323
620,727	91
620,790	100
1587	1185
610,775,293,189	337,620,1591
1591	1189
362,620	83
1592	1191
865,1449,1572	1632,610,863
297	1592
418,399	303
775,383	620,303
499,613	610,365
610,751,351	752,353
1761,303	1594,775
883,751	752,610,899
1449,1572,711	1632,610,715
745,883	610,747,899
610,875,357	0,663
305,807	337,610,359
745,363	610,747,359
1594	1195
58,366,610	368,620
58,389,610	394,620
58,610,1006	728,620
58,1011,610	620,860
58,635,610	666,620
58,610,642	656,620
363,751	752,610,359
620,654	610,27
365,631	369,621
610,359,457,620,976	363,806,783
610,365	1632,1572
1632	1227
1632	365
715,998	393,711
161,998	393,164
610,189,319	337,299
585,417	386,620
384	841
58,582,610	794,620
610,359,620,976,312	720,363,783
386,189,610	384,337
384,610	1572,1638
1638	1233
610,390	1640,1572
1640	1237
610,366,502	620,372
610,389,502	620,396
610,502,1006	620,855
859,303	1634,701
859,299	1634,701
1634	1231
610,875,365	0,620
0,189,775	337,875,365
1644	1239
392,610	1644,1572
595	393,620
393,610	1572,1645
393,610	1572,1645
610,1011,502	866,620
610,635,502	620,781
610,502,642	649,620
800,610,502	984,620
610,580,502	620,598
1645	1240
1647	1244
610,101,359,620,976	363,293,783
610,1244	1572,1647
120,610,502	107,445
1761,1500	1577,1654
730,610,502	736,620
610,582,502	620,796
266,372,610,807	337,1572,1508,502
266,396,610,807	337,1572,1516,502
266,855,610,807	337,1732,1572,502
523,807	610,533,397
1654	1246
260	520
266,866,610,807	337,1738,1572,502
610,359,620,364,976	363,388,783
266,781,610,807	337,1586,1572,502
649,266,610,807	337,1572,1589,502
984,266,610,807	337,1659,1572,502
266,610,598,807	337,1572,502,1663
736,266,610,807	337,1602,1572,502
266,796,610,807	1664,337,1572,502
545,775	544,620
1761,1535	1577,1543
58,14	394,550
25,58	728,550
24,58	860,550
16,58	666,550
58,15	656,550
18,58	802,550
745,310	305,610,747
610,359,620,976,536	363,1029,783
310,751	752,305,610
610,747,77	745,707
1598	1197
312	1598
707	312,597
17,58	592,550
610,403,189,775	1656,337,620
1656	1250
752,610,420	550,751
865,420	550,863
420,711	715,550
420,399	319
420,551	914
420,164	161,550
610,323,189,775	1600,337,620
775,303	620,319
610,189,405,775	1660,337,620
610,323	1600,1572
1660	1252
409,610,189,775	337,620,1662
1662	1257
610,411,189,775	337,1665,620
1665	1259
317	392
610,775,189,415	337,1667,620
1600,610	323,1572
1667	1260
545,775	620,550
488,610,189,775	337,845,518
745,492	1010,747,610
537,675,620	946,875
610,19,620	526
1600	1201
775,526,751	752,610,524
759,303	620,447
461,189	337,569
352	554
126,502	498,107
752,610,52	417,751
323	1600
498,775	417,620
417,1761	1454,775
1454	1264
1761,1462	1577,1470
865,1572,1503	1577,1500,863
610,483,325,775,189	337,620,1606
610,500	1572,1503
1470	1273
1467	1268
620,20	429
1049,610,747	745,435
620,151	433
1503	1303
397	554,775
397	352,775
610,435	1572,1478
610,1606	1204,1572
1478	1281
433,610	1475,1572
1475	1279
610,429	1473,1572
859,181	20
620,20	504
504,610	1507,1572
1473	1275
43,325	326
610,427,189	424,337
1462	1467
424,498	641,620
1507	1304
554,189,610	194
610,1069,494	1080,749
480,610,1069	1080,423
610,1069,423	1080,494
610,189,326,775	337,1611,620
859,439	1481,701
610,1069,486	480,1080
610,1611	1208,1572
1513	1310
1481	1282
506,610	1572,1510
1510	1306
498,189,610,775	337,1500,620
441,610	1484,1572
1484	1286
1080,807	610,397,874
417,859	1500,701
305,610,323,332	330,310
498,610	1500,1572
424,610,189,775	337,620,1462
610,323,332,359	330,363
1500	1299
610,323,332,899	330,883
1500	1299
554	352
610,1614	332,1572
194,807	337,610,397
610,1214	1572,1614
610,189,510,775	337,518,759
330,189,610,775	337,620,1612
512,266,807	337,954,510
1209	1203,1214
610,189,510,775	337,620,1518
1518	1312
610,1043,747	745,439
524,189	337,518
1444,518	1521,198
424,610	1572,1462
1462	1266
1761,447	1491,775
1491	1292
859,447	701,1487
1487	1288
10,747,610	745,775,399
530,189,610,775	337,329,518
499,198	610,518
752,610,759,223	620,518,751
518,759	620,510
1521,1622	1577,1518
819,518,807	620,510,820
518	517
875,610,347	0,451
610,1612	1209,1572
610,347,189,775	337,451,365
518,751	752,610,510,223
520,955,751	752,610,532
266,532,807	337,955,518
610,189,518,775	337,620,1521
1494	1293
552,610,747	457,620,745
472	463
610,518	1521,1572
305,610,323	325,310
734,518	1617,1521
1521	1316
266,803,610	337,461
625,610,461	620,469
499,181	536,610
610,775,325,189	337,620,1604
1527	1320
569,610,628	620,469
600,807	474,620
539	1527
1497	1295
1604	1203
518,447	510,303
752,610,479	620,485,751
198,518	620,479
624,485,759	488,620,783
131,502	537,107
610,775,189,543	337,1530,620
610,543	1530,1572
1530	1122
544,610,189,775	337,620,1543
1543	1129
610,189,550,775	337,1546,620
305,338,323,610	336,310
1761,550	1546,775
1546	1133
610,803,775	474,620
546,610	1540,1572
474,266,610	600,337
338,323,610,359	336,363
898,759	600,610,620
1540	1127
418,747,610	545,745
186,189,610	337,546
1566	1148
32,807	600
610,244,189	337,546
338,323,899,610	336,883
759,499,675,747	537,875,745
552,745	536,610,747
552,751	536,752,610
890,759	610,620,606
569,807	820,606
610,606	1569,1572
1569	1149
606	1569
390	506
1049	441
1761,1510	1513,1577
1579	1163
1577	1162
620	1577
978,610	627,783
552,610	1572,1550
552,734	1617,1550
1550	1135
536,865	552,863
536,711	552,715
536,164	552,161
1535	1124
1535	545
610,189,550	337,545
1582	627
1582	1165
1575	1158
1217,610	1572,1620
613	1575
610,1620	338,1572
745,67	610,747,84
745,91	610,155,747
745,100	610,747,166
745,83	145,610,747
88,745	146,747,610
121,745	610,747,180
610,837,597	620,566
610,837	722,620
266,556,807	337,957,537
537,610	1524,1572
537,610	1524,1572
745,93	610,747,158
745,109	610,747,174
610,747,626	65,745
179,807	226,590
73,610	1432,1572
336,610,189,775	337,1618,620
1432	973
610,629	499,620
610,213,653	632,262
537,734	1617,1524
1524	1318
620,463	469
610,653	632,681
196,807	337,610,565
1215	1217,1203
610,563,189	337,567
1586	1176
1589	1179
660,807	377,755,620
610,189,758	337,673
565,775	563,620
769,759,751	752,569,610
610,764,189	337,713
610,700,189	568,197
610,1618	1572,1215
610,518,807,266,569	337,897,620,510
305,610,323,557	339,310
1553	1139
752,499,911	50,751
50,189,610	337,500
673,610,189	700,197
713,610,189	197,758
610,508,189	197,486
610,189,239	232,337
417,610,189	337,498
610,189,630	337,625
610,189,303	337,383
467,751	472,752,610
610,461	571,620
610,468,550	403,620
730,610	1602,1572
610,323,557,359	363,339
1410,1546,1572	1656,1577
562,550,610	620,405
610,323,899,557	883,339
1546,1587,1572	1577,1660
1593,610,189,775	337,667,620
1593,610	667,1572
610,339,189,775	1624,337,620
1593	1181
946,550,610	620,415
1801,1546,1572	1577,1667
610,747,676	745,683,620
1221	1203,1183
683,775	620,679
689,266,807	337,676,961
545,610,550	409,620
610,676,189,775	337,620,1596
610,1183	1585,1572
1546,1572,1535	1577,1662
1624,610	1572,1221
776,610,550	411,620
1546,1572,1626	1577,1665
610,676	1572,1596
1596	1186
609,610,998	620,694
393,610,609	697,620
704,759	620,797
610,212,189	337,210
610,1599	1572,710
377,807	784,574
594,579	576,597
1585,610	1572,557
569,610,189	337,591
1599	1188
610,591	1556,1572
305,346,323,610	344,310
1556	1141
346,323,610,359	344,363
346,323,899,610	344,883
597,982	603,620
1225,610	1627,1572
610,603,189,775	337,597,982
610,1627	346,1572
1559	1145
859,101	224
597,751	752,594,610
344,610,189,775	1625,337,620
594,620	624,597
266,45,610	337,41
1521,1406	1577,1563
1223	1225,1203
610,1563,189,775	337,620,597
610,694	450,783
610,117	1572,1438
1625,610	1572,1223
1438	980
181	721
745,546	721,610,747
546,751	752,721,610
752,610,324	710,751
610,775,597,189	337,1563,620
1563	1147
610,775,597,189	337,530,537
610,365,215	600,620
610,807,365,63	600,620
1577,1604	1600,1572,1653
610,762,189	337,710
1003,502	710,999
1630	1212
59,620,325	624,610,219
482	784
784,745,620	610,747,618
679,223	518,766
610,747,890	745,732,620
1602	1192
610,747,44	745,38
59,620,325,731	610,771,219
620,190	38
219	323,59
42	620,190
736,87	730,107
610,1236,189,775	337,620,1655
769,807	732,820
865,1572	610,613,863
42,502,610	107,620,127
610,189,806,775	337,620,1633
1633	1213
610,1639,189,775	337,818,620
610,1220,189,775	337,620,1639
752,610,236	48,751
1572,711	610,715,613
164,1572	161,610,613
58,589	610,794
849,775	620,847
51,751	752,610,125
58,499,165	610,599,95
499,165,502	610,107,599
323,584,747,653,175,343	610,262,745,589,219
490,807	309,815
815,775	620,828
1605	1194
732	1605
1572	1156
828,775	620,701,287
610,583	1572,1661
906,499	49,610
610,812,189,775	1636,337,620
610,812	1636,1572
610,1636	812,1572
1636	1218
865,859	840,863
610,787,798	792,795,173
305,610,787,798	792,795,323,310
305,610,787,801	792,323,310,798
795,175	610,798
305,804	801,610,310
795,219	610,804
752,499,223	746,751
743	471
743	471
859,31	620,743
536,998	746
792,233	329,787
745,753	610,275,747
753,751	752,610,275
753,610	1609,1572
859,711	840,715
840,610	1572,1646
1646	1228
1490,1762	1754,1455
424,498	620,558
1500,1462	1577,1650
70,62	64,620
1458	1005
1609	1198
610,555,220,518	842,510
610,62	1458,1572
1661	1243
1461	1016
610,69	1572,1461
620,766	555
123,620,499	610,134
610,1069,573	1026,575
129,518	760,223
266,763,807	760,337,963
760,610,189,775	337,620,1613
760,610	1572,1613
1613	1200
375	769,620
745,844	722,747,610
846,751	752,722,610
233,518	620,69
840,610,747	745,620,846
8,745	610,747,844
9,745	610,747,846
897,610,747	745,620,769
1616	1205
1619,1572	610,772
610,772	1619,1572
1619	1207
776,734	1617,1626
732,895	620,780
769,610,189	337,780
1626	1210
610,1650	1572,558
1650	1230
610,558	1650,1572
610,780	1572,1630
610,859,747	745,837
1546,1516,1572	1329,1577
865,859	837,863
560,223	237,518
266,564,807	560,337,968
610,780	1572,1630
560,610,189,775	1652,337,620
1546,1732,1572	1577,1347
560,610	1652,1572
1652	1234
1669	1247
917	588
566	722,597
1738,1546,1572	1577,1343
610,189,1658,775	337,570,620
1162,1170	1176,1156,1092
1162,1172	1176,1236,1156
584,266	577
577,807	337,583
610,1655,189,775	568,337,620
610,588	1572,1671
1671	1249
610,747,303	745,684
499,95	610,599
605,213	601,262
859,499,747	593,745
593,610	1673,1572
1546,1572,1586	1577,1335
1673	1253
610,595,502	536,107,620
132,502	107,607
641,610	1705,1572
1546,1572,1589	1577,1331
1705,610	641,1572
1705	1283
610,189,614,775	337,1682,620
1682	1261
617,610,189,775	337,620,1685
1546,1659,1572	1577,1341
1685	1263
1708	1285
643	1708
216,807	202,309,610
610,189,622,775	1688,337,620
1688	1269
1546,1572,1663	1337,1577
610,775,189,623	337,1691,620
1691	1270
610,775,189,607	337,620,1679
807,262,775	337,620,653
610,651,189,775	337,620,1711
1711	1289
620,662	624,653
658,620	624,653
608,859	701,1679
1679	1256
1660,1572,1516	1408,1577
610,595	1676,1572
610,595	1676,1572
610,875,653	632,33
610,189,662,775	337,1721,620
1721	1298
610,1676	595,1572
610,775,189,658	337,620,1717
1676	1255
1660,1732,1572	1577,1411
469,775	610,628,461
303	630
1738,1660,1572	1577,1414
1761,630	1698,775
1717	1296
1586,1660,1572	1417,1577
1698	1276
924,620,653	929,662
610,747,390	745,636
1660,1589,1572	1577,1420
634,859	701,1702
1702	1278
924,620,653	929,658
266,807,663	337,972,653
1659,1660,1572	1577,1422
610,189,653,775	337,1714,620
1714	1291
546,630	634,620
859,630	701,1694
1694	1272
195,620	200
665,1572	610,1724
1660,1572,1663	1577,1427
1724	1300
665	1724
859,998	671
200,610,502	620,789,799
665,610,189,775	337,1724,620
1572,1662,1516	1577,1431
722,775	420
776,775	620,669
671	195,620
502,599	601,58
610,859,853	320,647
1727	1302
1662,1732,1572	1577,1434
610,1302	1572,1727
1608,1511	1601
1730	1307
1517,1607	1601
1738,1572,1662	1577,1437
1610,1511	1603
1584,1511	1608,1577
1590,1511	1577,1610
1597,1511	1601,1577
1517,1759	1608,1577
1581,1511	1577,1583
1595,1517	1601,1577
1753,1511	1577,1581
1756,1517	1577,1607
1753	1577,1756
1583,1511	1577,1597
1581,1511	1577,1595
1586,1572,1662	1441,1577
1583	1584,1577
1581	1577,1759
1595	1577,1607
498,607	620,622
498,622	620,623
1597	1608,1577
1588	1577,1590
1572,1589,1662	1577,1445
610,747,789	745,595
498,623	617,620
617,498	620,614
865,789	595,863
1659,1572,1662	1448,1577
789,711	595,715
498,614	620,612
1538	1583
1538,1532	1581
1532	1753
1584,1538	1588
859,499,747	745,595
752,859,499	595,751
353,618,620	610,206,351
496,206	241
397,623	617,775
617,397	614,775
397,614	612,775
499,799	610,677
681,610	1736,1572
1572,1662,1663	1577,1451
1736	1309
677	999
745,266,787,692	792,747,685
496,610,831	490,572
610,1740	682,1572
610,389,550	620,140
682	1740
496,610,818	490,831
610,550,1006	620,23
496,610,834	490,764
625,775	620,630
610,1011,550	620,21
859,684	1744,701
696,610,189,775	337,1747,620
1747	1319
610,635,550	187,620
702,807	698,309,610
698,266,620,316	696,610,709
807,703	600,698,610
875,159	675,620,127
624,789	595,783
709,807	337,610,705
1601,610,1065	1040
1744	1315
147,620	636
682,610	1740,1572
1740	1313
547,189	337,535
1065,610,1603	1040,1601
705,610,691	692,316,534
685,807	337,610,691
116,751	752,610,719
381,189	337,378
356,189	337,348
610,550,642	185,620
1622	1328
759	1622
745,731,620	610,771,747
720,610,189,775	337,620,1750
1750	1322
35,172	620,29
0,610	620,654
752,654	675,751
33,745	610,675,747
610,189,1623,775	337,620,761
610,1623	761,1572
726	620,637
312,624,996	620,76,783
1615	1324
1623	1332
800,610,550	620,214
761	1623
761,610,189,775	337,620,1623
731	1615
526,87	115,620
1621	1327
741	1621
266,610,767	745,620
745,711	610,715,747
745,1572,865	610,747,863
745,807	337,610,767
765,759	620,767
610,754,878	620,767
767	1628
745,1572,711	610,715,747
745,164,1572	161,610,747
610,754,878	620,1628
610,580,550	211,620
1628	1334
741,759	754,620
745,865	610,747,863
745,164	161,610,747
610,189,751	337,745
491,807	337,610,765
610,741,39	765,477
201,610,754	745,620
284,405	706,74
865,751	752,610,863
751,711	752,610,715
499,765,807	610,820,871
610,773	1572,1631
1631	1340
164,751	752,161,610
1577,1631,863	865,1635
745,775	620,751
258,405	708,78
745,266,610,807	337,491,759
747,751	752,745
765,807,189,775	337,620,741,820
1617,610	1572,734
620,773,1572,863	865,610,774
1577,715,1631	1635,711
715,620,773,1572	610,774,711
774,1631	1635,773
1635	1344
745,610,774	771,747,783
1617,610	1572,734
1617,610	1572,734
610,774,751	752,771,783
1617	1326
265,405	712,81
600,189	337,461
874,189	337,1069
1637	1346
610,1346	1572,1637
1629	1338
309,189	337,434
771	1629
533,189	337,509
268,405	714,85
189,414	337,402
542,775	620,540
900,775	897,620
1761,1775	1577,1774
405,271	716,92
780,775	769,620
1761,1630	1616,1577
470,775	466,620
1761,1533	1528,1577
1761,1571	1577,1567
870,775	620,1100
624,250,499	620,861,783
1761,1771	1577,1767
276,405	96,718
382,775	379,620
1761,1514	1512,1577
405,279	99,723
340,775	496,620
1761,1499	1577,1447
1761,1556	1553,1577
610,189,775	337,620
610,756,775	808,620
904,775	529,620
409,284	706,102
1761,1716	1577,1565
464,610,775	475,620
610,893,775	898,620
341,775	620,350
409,258	105,708
1761,1501	1577,1506
177,775	266,620
610,461,775	600,620
1497,1572,1761	1577,1566
1761,1498	1529,1577
434,610,775	620,309
265,409	712,108
610,406,807	620,414
466,610,807	475,620
412,775	620,406
1761,1522	1520,1577
775,591	569,620
897,610,807	898,620
569,610,807	600,620
610,379,807	620,381
496,610,807	620,309
610,350,807	620,356
58,611,499	610,599,559
409,268	714,110
499,845	610,615
610,775,189,615	337,620,1668
266,610,807	337,620
529,610,807	620,533
610,1100,807	874,620
1668	1368
409,271	114,716
616,610	1572,1670
1670	1370
616,820	619,807
769,610,807	808,620
412,813	620,414
813,591	600,620
633,419	638,775
409,276	718,118
369,499	610,631
752,610,182	620,238,751
745,620,759	610,747,773
1577,1622,863	865,1572,1631
1577,715,1622	1572,1631,711
34,107	182,502
610,747,518	745,19,620
610,189,1350,775	1648,337,620
409,279	122,723
1648,1760,1572	1649,1455
810,751	752,610,19
1672,610,189,775	640,337,620
610,1674,189,775	337,620,644
610,189,1678,775	337,620,646
1760,1641,1572	1651
1760,1643,1572	1641,1651
1760,1649,1572	1651,1643
289,502	882,107
1651	778
1680,610,189,775	648,337,620
610,389,405	74,620
610,1684,189,775	337,650,620
610,189,1686,775	337,620,655
610,1069,478	453,1086
610,1069,453	1080,289
610,778,1069	1080,478
610,1690,189,775	337,657,620
610,405,1006	620,78
610,661	1692,1572
1692	1374
892,620,751	752,610,748,783
1657	1357
1653	1352
783	1653
859,499	610,789
266,748,807	337,659,502
365,799	208,502
610,1011,405	81,620
610,775,487	419,615
1659	1359
266,807,610,782	672,337,227
1,775	640,620
1761,1375	1672,1577
2,775	644,620
1663	1361
1664	1363
590,807	784,377
266,589,807	337,610,582
1761,1378	1577,1674
610,635,405	620,85
3,775	620,646
1761,1382	1577,1678
553,620	670
670,751	752,602,610
610,405,642	620,92
602,499,502	610,605,599
770,223	604,518
4,775	648,620
1761,1386	1680,1577
5,775	650,620
800,610,405	96,620
1761,1389	1577,1684
6,775	620,655
1761,1391	1577,1686
610,213,231	218,262
610,228,213	222,262
499,237	610,44
775,7	657,620
1761,1394	1577,1690
225	228,783
610,580,405	99,620
225,610,775,747,189	337,745,620,228
1100,1054	1067,1094
976,674,924,610	929,678
499,1100	610,619
576,674,610,976	579,678
266,610	620,404
569,610	32,620
222	783,231
610,775,747,189,222	337,620,745,231
409,610,389	620,102
224	609,620
234,499	610,179
107,747,499	745,859,502
610,851,747	680,745
624,851	680,783
610,775,680,747,620,499	745,770,549
218	234,783
610,775,747,218,189	337,234,620,745
561,620	717
717,751	752,610,611
858,775	680,620
409,610,1006	105,620
1696,610,189,775	337,620,686
610,1700,189,775	337,620,687
409,610,1011	620,108
610,1701,189,775	688,337,620
1719,610,189,775	337,706,620
1720,610,189,775	337,708,620
409,610,635	620,110
1722,189,610,775	712,337,620
610,189,1726,775	337,714,620
1728,610,189,775	337,716,620
1703,610,189,775	337,690,620
610,1707,189,775	337,620,693
610,775,1733,189	337,620,718
409,610,642	114,620
610,189,1734,775	337,723,620
610,1709,189,775	337,620,695
1713,610,189,775	337,699,620
1579,1692,1622	1577,1715,1653
1715	1376
447	445
610,747,188	745,186
303	417
800,409,610	620,118
10,189	337,186
50,610	620,52
552,775	248,620
186	244
417	397
610,1735,189,775	337,620,725
1737,610,189,775	337,620,729
610,747,604	745,245
1580,1389	1707,1655
1394,1580	1713,1655
610,189,319	337,303
1048,610,189	337,1043
610,189,914	337,919
107,365	859,502
610,189,1742,775	337,620,735
610,1743,189,775	337,620,737
1745,610,189,775	337,738,620
409,610,580	122,620
610,775,1749,189	337,620,742
610,1751,189,775	744,337,620
1572,1381,1663	1577,1713
706,775	620,725
128,752,610	946,751
1761,1719	1577,1735
708,775	729,620
1516,1572,1383	1577,1719
1732,1388,1572	1720,1577
1738,1572,1390	1577,1722
1392,1586,1572	1577,1726
1393,1572,1589	1728,1577
1720,1761	1577,1737
712,775	620,735
1761,1722	1577,1742
1659,1396,1572	1577,1733
1400,1572,1663	1577,1734
1329,1516,1572	1672,1577
1347,1732,1572	1577,1674
714,775	737,620
1761,1726	1577,1743
716,775	738,620
1738,1572,1343	1577,1678
499,13	585,610
1586,1572,1335	1680,1577
1331,1572,1589	1577,1684
1659,1572,1341	1577,1686
1337,1572,1663	1577,1690
1728,1761	1577,1745
718,775	620,742
1761,1733	1577,1749
723,775	744,620
1761,1734	1577,1751
1408,1516,1572	1696,1577
266,587,807	585,337,970
1411,1732,1572	1577,1700
1738,1572,1414	1577,1701
496,610,725	437,550
496,729,610	456,550
585,610,189,775	337,620,1669
496,610,735	452,550
496,737,610	443,550
496,610,738	440,550
496,610,742	449,550
496,744,610	550,446
610,775,1757,189	337,755,620
1417,1586,1572	1577,1703
1420,1589,1572	1577,1707
1659,1572,1422	1577,1709
1427,1572,1663	1577,1713
1516,1572,1431	1577,1719
1434,1732,1572	1720,1577
1738,1572,1437	1577,1722
1441,1586,1572	1577,1726
1572,1589,1445	1728,1577
1448,1659,1572	1577,1733
1384	1757
768,518	750,223
266,757,807	337,974,750
1451,1572,1663	1577,1734
585,610	1572,1669
630	628
253,775	620,261
777,643	779,620
610,750	1755,1572
1755	1380
1761,1626	1577,1730
610,775	1761,1572
192,189	337,212
610,189,247	337,782
1761	1385
610,1669	585,1572
610,189,775	337,620,1761
1401,1516	1672,1577
1732,1421	1577,1674
1738,1419	1577,1678
1409,1586	1680,1577
734,782	1617,1779
1779	1387
745,620,36	786,747
610,107,499,351	353,859,502
865,499,87	859,620,863
610,775	620,807
610,807,775	620,813
337,788	793,189
1589,1407	1577,1684
1659,1415	1577,1686
1413,1663	1577,1690
1781	1154
1781	791
1572,1366,1516	1696,1577
788,734	1617,1780
1780	1146
610,620,797	260
610,789,775	499,620,701
1732,1572,1367	1577,1700
1738,1371,1572	1577,1701
1586,1572,1373	1577,1703
1377,1572,1589	1577,1707
1659,1379,1572	1577,1709
499,668	249,610
499,189,701	337,789
1790	1184
788,999	998,799
461,807	803,620
813,189	337,807
189,807	337,775
878	876
170	167
496,249,610,807	329,309,247
499,30,747	745,805
768,499,620	610,805
809,620	811,783
809,998	393,811
745,459	817,610,747,783
817,610	1572,1782
1782	1157
266,701,610,775	337,859,620
1761,1575	1577,1783
1783	1160
610,451,189,775	337,819,537
610,775,221,189	337,371
134	824
838	826,620
57,610,189,775	337,321,259
610,826,807	620,830
610,518,775,371,189	337,347,620,510
842	838
610,19,310	305,810
610,189,814,775	337,620,1785
1785	1167
816,266,807	337,810,979
610,810,189,775	1784,337,620
610,810	1784,1572
810,734	1784,1617
1784	1164
266,820,610	337,878
841,610	1786,1572
1786	1171
775,191	964,701
499,686	610,821
353,547,620	610,874,351
903	911
911	878
888,775	620,39
610,775,1015,189,1023	1025,620,173,337,1014
610,775,305,1015,189,1023	1025,323,620,337,310,1014
610,775,305,1017,189,1023	1025,323,620,337,310,1015
499,687	610,823
688,499	610,827
1014,175	610,1015
305,1022	1017,610,310
850	1790
219,1014	610,1022
567	919
1008,499,759	610,620,990
690,499	610,829
337,859	610,189,701
499,693	833,610
807,461,286,775	600,337,978,620
848,876	870,775
312,537,624	921,620,783
610,747,303	745,925
859,925	701,1798
1798	1211
499,695	610,835
499,699	610,839
233,1025	329,1023
856,745	848,610,747,783
66,998	620,965
518,967	965,223
610,932,775	953,940
408,594,620	610,971,597
586,597,751	408,752,610
938,597,751	752,586
843,223	188,518
1787	1174
946,775	843,620
1761,1801	1577,1787
496,610,821	946,437
266,940,775	337,938,620
610,859	1792,1572
715,620,971	934,711
1799	1216
610,934	1572,1799
496,610,823	456,946
496,610,827	946,452
499,252	610,743,223
496,610,829	946,443
950,807	337,946,610
1792	1190
163,502	946,107
496,833,610	440,946
496,610,835	449,946
496,610,839	946,446
793,502	799,775
169,502	107,775
859,759	944
859,759	946
1761,1706	1577,1710
807,495	337,610,668
952,266,807	337,946,986
1668,845	1788,615
785,610,863	865,783
518,199	845,223
953,266,807	337,946,981
946,610	1801,1572
946,734	1617,1801
1801	1222
610,597,365	620,77
518,998	1000,620
1000,610,747	745,1002,620
610,775,845,189	337,620,1788
610,845	1572,1788
1788	1178
859,255	252
785,610,715	783,711
928,610,747	745,503
610,958	928,323
876,172	177,775
172,167	341,775
960,751	752,610,54
1793	1193
610,964,189	960,337
610,333,998	329,1003
960,610	1802,1572
1802	1226
1803	1229
876,606	775,591
606,167	412,775
876,732	780,775
732,167	470,775
869	1793
890,876	900,775
624,851,759	620,847,783
610,971	1803,1572
1804	1232
975	1804
1675	1235
978,610	1572,1677
1677	1238
610,189,847	849,337
1789	1180
849	1789
610,851,189	337,850
680,610,189	337,858
610,747,53	745,869
1791	1187
858	1791
1002,518	1008,223
610,502,71	107,982
610,733,502	107,982
620,871,775	420,740
610,189,982,775	337,1681,620
850,775	851,620
820,189	872,337
1681,610	1572,982
1681	1242
872,610,189	337,876
610,29,982	845,263
624,783	785,610
1704	1267
537,101	331
537,101	891
1579,1653	1657,1572
610,747,998	745,1010,620
610,131,747	745,891
895,775	620,878
208,759	891
1710	1274
891,775	762,620
896,266,807	337,891,987
610,891,189,775	337,1706,620
1706,610	891,1572
752,610,998	1010,620,751
321,1683	1560,998
266,926,807	992,337,502
992,620	255
610,998	1683,1572
610,998	1683,1572
610,1683	1572,998
1683	1245
393,865	998,863
393,1683	1645,998
595,1683	1676,998
610,891	1706,1572
891,734	1617,1706
1706	1271
1712,610	1572,902
999,189,775	337,502,998
1761,1796	1577,1794
1687	1248
1051,1683	1693,998
1712	1277
807,266,620,751,239,499,787	610,549,430,752,337,792
1794	1196
919,399	878,903
985,859	701,1687
610,189,359	337,899
610,775,1029,189	337,1689,620
399,303	903,551
481,620,775	360,253
908,715,620	610,910,711
1577,715,1718	1723,1572,711
161,620,908	610,164,910
161,1718,1577	1723,164,1572
1723	1287
1689	1251
627,620,751	752,610,976
978,189,610,775	337,620,1677
428	862
1049,610,747	256,745
551,303	919,399
620,789	1055
1693	1254
1718	1284
529,610,189	904,337
902,167	904,775
529,426	675,540
1683,1055	998,1695
1695	1258
881,610,189	337,879
899,253	481
885,189	337,881
881,807	192,610,239
610,1051	1572,1693
610,998,79,976,499	852,783,223
610,189,878	337,895
610,852,189,775	337,1697,620
1697	1262
399	420
913,610,189	337,886
1699	1265
881,610,775	620,885
513,610,502	514,107
514,223	516,518
521	516
751,527	752,521,610
26,172	337,495
929,751	752,610,924
417,498	620,935
931,775	620,935
620,516	523
610,572,189	337,573
610,1069,935	1080,417
903	913
498	931,620
1500	1577,1725
859,935	701,1725
497,1555	501,1551
497,1561	1557,501
420,399	1048
752,745,610	747,1572,751
502,967	868,620,999
610,27	620,654
924,620	624,929
904,610	1716,1572
1725	1290
859,772,759	620,996
620,996,399	946,123
620,996	946,772
772,399	123
266,997,807	337,996,989
904,610	1716,1572
1716	1280
610,996	1729,1572
238	892
1729	1294
745,546	610,747,181
610,1004,189,775	337,1731,620
1731	1297
1732	1301
1738	1305
1739	1308
610,879,189,775	1704,337,620
1746	1314
610,653,430,751,343,217	752,1019,262
1622,1579,1446	1577,1746,1653
1761,1748	1752,1577
1752	1321
30,518	1019,223
266,1021,807	337,1019,993
610,1019	1748,1572
1748	1317
334,775	610,885,189
58,1026,610	1032,98
610,775,1093,189	337,1061,70
1474,1572,1767	1577,1763
610,1308	1739,1572
610,1018,189,775	337,620,1741
1741	1311
848,895	620,870
610,1100,461	600,870
1480,1572,1767	1577,1758
1758	1323
610,870	1771,1572
610,747,1052	745,620,1047
1047	1046
58,1028	98,1046
610,870	1771,1572
1771	1348
610,1100,575	1026,620
1044,775	701,1046
518,127	877,223
1046,807	120,610,874
1795	1199
1040,610,1069	1046,1054
610,775,1061,189	337,517,1057
1057,610,189,775	337,233,1063
880,266,807	337,995,877
610,775,877,189	337,620,1772
610,877	1572,1772
1772	1351
610,1199	1795,1572
859,877	233,127
266,620,316,887	610,1018,709
1063,751	752,610,1044
610,1067,775	1065,620
1065,807	784,377
913	906
749,610,509	834,527
610,747,861	745,890,620
610,890	1572,1773
1761,1762,1572	1760,1577
1067	1762
632,458	894
1763	1325
1082	1080
1086	1082
1572,1470,1767	1577,1765
1765	1333
1773	1355
890	1773
1774	1358
897,807	890,820
890,895	900,620
610,900	1572,1775
1775	1362
912	909
383	498
610,895,189,775	337,620,1796
610,189,903	912,337
610,189,906	337,917
1088,610,747	1080,745,620
1796	1202
499,1076,747	1088,745
1766	1336
610,917	1777,1572
1572,1654,1767	1577,1764
1777	1369
901	907
610,189,909,775	1776,337,620
610,909	1776,1572
1764	1330
1074,223	1076,518
1776	1365
610,1778,189,775	920,337,620
1513,1572,1767	1577,1766
905,610,189	337,901
1082,397	1080,427
610,1778	920,1572
920	1778
920,610,189,775	337,1778,620
1778	1372
536,499,759	864,610,620
610,189,1094,775	337,235,1093
1032,87	620,1028
610,875,1071	0,1074
1797	1206
1754	1038
610,775,1093,189	64,337,1063
1093,229	620,1095
610,189,1095,775	337,68,1063
1069,189	337,1100
1767	1339
365,1038	1034,620
610,907	1572,1797
1034,1069	1067,1071
610,213,503	1110,262
620,1110	704
420,846	905
538,499	610,1110
1100,807	848,820
620,924,348	929,189
416,610,786	856,620
848,610	1769,1572
576,620,348	579,189
848,610	1769,1572
1769	1342
924,402,620	929,461
610,747,638	864,745
1770	1345
576,402,620	579,461
867	1770
924,378,620	929,434
576,378,620	434,579
924,620,535	929,1069
576,620,535	579,1069
620,353,356	337,610,351
353,620,414	600,610,351
353,620,381	610,309,351
